Name;ISIN;Symbol;Market;Currency;"Open Price";"High Price";"low Price";"last Price";"last Trade MIC Time";"Time Zone";Volume;Turnover;"Closing Price";"Closing Price DateTime"
"European Equities"
"04 Aug 2026"
"All datapoints provided as of end of last active trading day."
2CRSI;FR0013341781;AL2SI;"Euronext Growth Paris";EUR;26.60;27.12;24.40;24.54;"03/08/2026 17:35";CET;378825;9534526.02;24.54;03/08/2026
74SOFTWARE;FR0011040500;74SW;"Euronext Paris";EUR;37.90;38.60;37.90;37.90;"03/08/2026 17:35";CET;4874;185779.10;37.90;03/08/2026
"AB SCIENCE";FR0010557264;AB;"Euronext Paris";EUR;0.544;0.628;0.544;0.612;"03/08/2026 17:35";CET;704850;426418.38;0.612;03/08/2026
"AB SCIENCE BSA";FR001400ZRT0;ABBS;"Euronext Paris";EUR;-;-;-;-;-;CET;-;-;-;-
"AB SCIENCE BSA 25";FR00140118Z8;ABSBS;"Euronext Growth Paris";EUR;-;-;-;-;-;CET;-;-;-;-
"AB SCIENCE BSAAU25";FR0014011S49;ABBSA;"Euronext Growth Paris";EUR;-;-;-;-;-;CET;-;-;-;-
"ABC ARBITRAGE";FR0004040608;ABCA;"Euronext Paris";EUR;5.16;5.18;5.10;5.18;"03/08/2026 17:35";CET;55056;284258.83;5.18;03/08/2026
ABEO;FR0013185857;ABEO;"Euronext Paris";EUR;9.00;9.10;9.00;9.00;"03/08/2026 17:35";CET;1429;12872.66;9.00;03/08/2026
"ABIONYX PHARMA";FR0012616852;ABNX;"Euronext Paris";EUR;1.88;1.898;1.87;1.87;"03/08/2026 17:35";CET;37981;71635.57;1.87;03/08/2026
ABIVAX;FR0012333284;ABVX;"Euronext Paris";EUR;109.10;109.10;103.70;107.30;"03/08/2026 17:35";CET;173785;18602111.65;107.30;03/08/2026
"ABL Diagnostics";FR001400AHX6;ABLD;"Euronext Paris";EUR;2.50;2.50;2.46;2.46;"03/08/2026 15:26";CET;1966;4843.90;2.46;03/08/2026
"ABO GROUP";BE0974278104;ABO;"Euronext Brussels, Paris";EUR;3.86;3.86;3.86;3.86;"03/08/2026 09:00";CET;150;579.00;3.86;03/08/2026
"ACANTHE DEV.";FR0000064602;ACAN;"Euronext Paris";EUR;0.22;0.22;0.22;0.22;"03/08/2026 09:00";CET;1000;220.00;0.22;03/08/2026
ACCOR;FR0000120404;AC;"Euronext Paris";EUR;45.50;46.61;45.50;45.96;"03/08/2026 17:38";CET;795551;36658651.16;45.96;03/08/2026
"ACCOR USD";FR0000120404;ACMC;"Euronext Paris - Multi-currency Trading";USD;53.48;53.56;53.08;53.26;"30/07/2026 15:46";CET;597;31862.26;53.26;03/08/2026
ACHETER-LOUER.FR;FR0014011O84;ALALO;"Euronext Growth Paris";EUR;0.0006;0.0008;0.0006;0.0006;"03/08/2026 17:35";CET;6341658;3810.16;0.0006;03/08/2026
ACTEOS;FR0000076861;EOS;"Euronext Paris";EUR;0.83;0.85;0.83;0.85;"03/08/2026 09:25";CET;62;52.46;0.85;03/08/2026
"ACTIA GROUP";FR0000076655;ALATI;"Euronext Growth Paris";EUR;3.90;4.01;3.82;4.01;"03/08/2026 17:35";CET;7713;30428.51;4.01;03/08/2026
"ACTIVIUM GROUP";FR0010979377;MLACT;"Euronext Access Paris";EUR;2.00;2.00;2.00;2.00;"31/07/2026 16:30";CET;50;100.00;2.00;03/08/2026
"ADC SIIC";BE0974269012;ALDV;"Euronext Paris";EUR;0.08;0.08;0.08;0.08;"03/08/2026 11:30";CET;6000;480.00;0.08;03/08/2026
ADEUNIS;FR0013284627;ALARF;"Euronext Growth Paris";EUR;0.84;0.84;0.84;0.84;"03/08/2026 11:12";CET;65;54.60;0.84;03/08/2026
ADOCIA;FR0011184241;ADOC;"Euronext Paris";EUR;4.00;4.00;3.866;3.94;"03/08/2026 17:35";CET;84701;332626.92;3.94;03/08/2026
"ADOCIA BSA";FR001400XVZ4;ADOBS;"Euronext Growth Paris";EUR;7.00;7.00;7.00;7.00;"22/04/2026 12:15";CET;1428;9996.00;7.00;03/08/2026
ADOMOS;FR00140153H3;ALADO;"Euronext Growth Paris";EUR;0.40;0.429;0.40;0.429;"03/08/2026 17:20";CET;1420;597.00;0.429;03/08/2026
ADP;FR0010340141;ADP;"Euronext Paris";EUR;120.60;121.40;118.10;118.90;"03/08/2026 17:35";CET;155914;18593999.00;118.90;03/08/2026
ADUX;FR0012821890;ALDUX;"Euronext Growth Paris";EUR;1.38;1.38;1.25;1.25;"03/08/2026 17:04";CET;15569;19889.42;1.25;03/08/2026
ADVICENNE;FR0013296746;ALDVI;"Euronext Growth Paris";EUR;1.72;1.728;1.62;1.634;"03/08/2026 17:35";CET;70306;118085.76;1.634;03/08/2026
ADVINI;FR0000053043;ALAVI;"Euronext Growth Paris";EUR;16.70;16.80;16.70;16.80;"03/08/2026 10:57";CET;46;772.70;16.80;03/08/2026
"AELIS FARMA";FR0014007ZB4;AELIS;"Euronext Paris";EUR;1.04;1.04;1.012;1.014;"03/08/2026 17:35";CET;7331;7479.15;1.014;03/08/2026
"AERKOMM INC";US00774B2088;AKOM;"Euronext Paris";EUR;2.80;2.80;2.80;2.80;"24/09/2025 17:35";CET;1565;4382.00;2.80;03/08/2026
AFYREN;FR0014005AC9;ALAFY;"Euronext Growth Paris";EUR;2.75;2.77;2.74;2.77;"03/08/2026 17:28";CET;3556;9785.92;2.77;03/08/2026
AG3I;FR0011908045;MLAGI;"Euronext Access Paris";EUR;0.635;0.635;0.635;0.635;"08/09/2025 16:30";CET;1;0.64;0.635;03/08/2026
"AGENCE AUTO";FR0014005WE9;MLAA;"Euronext Access Paris";EUR;2.00;2.00;2.00;2.00;"17/07/2026 11:30";CET;500;1000.00;2.00;03/08/2026
"AGP MALAGA SOCIMI";ES0105478004;MLAGP;"Euronext Access Paris";EUR;2.96;2.96;2.96;2.96;"16/05/2024 11:30";CET;61302;181453.92;2.54;03/08/2026
AGRIPOWER;FR0013452281;ALAGP;"Euronext Growth Paris";EUR;0.942;0.942;0.91;0.936;"03/08/2026 16:59";CET;681;638.29;0.936;03/08/2026
AGROGENERATION;FR0010641449;ALAGR;"Euronext Growth Paris";EUR;0.0484;0.0534;0.0484;0.049;"03/08/2026 17:08";CET;187401;9255.58;0.049;03/08/2026
"AIR FRANCE -KLM";FR001400J770;AF;"Euronext Paris, Amsterdam";EUR;12.505;12.81;12.40;12.445;"03/08/2026 17:35";CET;1417272;17768419.03;12.445;03/08/2026
"AIR LIQUIDE";FR0000120073;AI;"Euronext Paris";EUR;170.54;171.56;169.24;170.32;"03/08/2026 17:35";CET;965815;164536009.44;170.32;03/08/2026
AIRBUS;NL0000235190;AIR;"Euronext Paris";EUR;206.35;209.85;206.30;208.00;"03/08/2026 17:39";CET;1121553;233416011.79;208.00;03/08/2026
AIRWELL;FR0014003V77;ALAIR;"Euronext Growth Paris";EUR;1.24;1.26;1.22;1.24;"03/08/2026 17:35";CET;12309;15275.99;1.24;03/08/2026
AKWEL;FR0000053027;AKW;"Euronext Paris";EUR;6.60;6.72;6.60;6.66;"03/08/2026 17:35";CET;3594;23954.72;6.66;03/08/2026
"ALAN ALLMAN";FR0000062465;AAA;"Euronext Paris";EUR;1.51;1.52;1.40;1.50;"03/08/2026 16:52";CET;1954;2942.20;1.50;03/08/2026
"ALPES (COMPAGNIE)";FR0000053324;CDA;"Euronext Paris";EUR;20.50;20.65;20.40;20.65;"03/08/2026 17:35";CET;31145;640338.98;20.65;03/08/2026
ALSTOM;FR0010220475;ALO;"Euronext Paris";EUR;16.205;16.73;16.12;16.545;"03/08/2026 17:35";CET;1512183;25005201.27;16.545;03/08/2026
ALTAMIR;FR0000053837;LTA;"Euronext Paris";EUR;24.00;24.00;23.00;23.00;"03/08/2026 17:29";CET;1549;36405.70;23.00;03/08/2026
ALTAREA;FR0000033219;ALTA;"Euronext Paris";EUR;101.60;102.80;100.60;100.80;"03/08/2026 17:35";CET;7875;799246.30;100.80;03/08/2026
ALTAREIT;FR0000039216;AREIT;"Euronext Paris";EUR;585.00;585.00;585.00;585.00;"03/08/2026 09:00";CET;1;585.00;585.00;03/08/2026
ALTEN;FR0000071946;ATE;"Euronext Paris";EUR;76.10;80.15;76.10;78.90;"03/08/2026 17:35";CET;78684;6196162.83;78.90;03/08/2026
ALTHEORA;FR0000061244;ALORA;"Euronext Growth Paris";EUR;0.391;0.415;0.39;0.39;"03/08/2026 17:29";CET;2873;1186.66;0.39;03/08/2026
ALVEEN;FR0013253812;MLALV;"Euronext Access Paris";EUR;0.103;0.103;0.103;0.103;"10/09/2025 11:30";CET;193;19.88;0.103;03/08/2026
"AMA CORPORATION";GB00BNKGZC51;ALAMA;"Euronext Growth Paris";EUR;0.1355;0.1445;0.1265;0.1265;"03/08/2026 17:29";CET;10761;1443.80;0.1265;03/08/2026
"AMATHEON AGRI";NL0010273694;MLAAH;"Euronext Access Paris";EUR;0.0025;0.003;0.0025;0.003;"03/08/2026 17:00";CET;210001;630.00;0.003;03/08/2026
AMOEBA;FR0011051598;ALMIB;"Euronext Growth Paris";EUR;0.72;0.735;0.707;0.73;"03/08/2026 17:35";CET;138352;100118.11;0.73;03/08/2026
AMUNDI;FR0004125920;AMUN;"Euronext Paris";EUR;95.05;97.00;95.05;96.65;"03/08/2026 17:35";CET;184769;17794663.05;96.65;03/08/2026
"ANDINO GLOBAL";ES0105744009;MLAIG;"Euronext Access Paris";EUR;2.82;2.82;2.82;2.82;"03/06/2026 16:30";CET;3;8.46;2.82;03/08/2026
"ANTIN INFRA PARTN";FR0014005AL0;ANTIN;"Euronext Paris";EUR;8.80;8.93;8.75;8.92;"03/08/2026 17:35";CET;20185;179198.99;8.92;03/08/2026
APERAM;LU0569974404;APAM;"Euronext Amsterdam, Brussels, Paris";EUR;45.84;47.06;45.22;46.42;"03/08/2026 17:35";CET;87019;4029975.99;46.42;03/08/2026
"APEX CRITICAL";CA03753D1042;MLAPX;"Euronext Access Paris";EUR;0.908;0.908;0.908;0.908;"22/07/2026 16:30";CET;400;363.19;0.908;03/08/2026
"APODACA INVERSIONE";ES0105658001;MLASO;"Euronext Access Paris";EUR;70.00;70.00;70.00;70.00;"07/11/2022 00:00";CET;-;-;69.50;03/08/2026
"APOLLO MINERALS";AU000000AON7;ALAON;"Euronext Growth Paris";EUR;-;-;-;0.0315;"30/06/2026 00:00";CET;-;-;0.0315;03/08/2026
AQUILA;FR0010340711;ALAQU;"Euronext Growth Paris";EUR;3.70;3.70;3.70;3.70;"03/08/2026 11:30";CET;392;1450.40;3.70;03/08/2026
"ARAMIS GROUP";FR0014003U94;ARAMI;"Euronext Paris";EUR;3.90;4.04;3.90;3.94;"03/08/2026 17:35";CET;41342;164413.46;3.94;03/08/2026
"ARCELORMITTAL SA";LU1598757687;MT;"Euronext Amsterdam, Paris";EUR;61.50;62.96;60.52;61.82;"03/08/2026 17:37";CET;1637021;101350388.58;61.82;03/08/2026
ARCHOS;FR001400KO61;ALJXR;"Euronext Growth Paris";EUR;0.286;0.3145;0.27;0.2995;"03/08/2026 17:35";CET;2229531;663955.47;0.2995;03/08/2026
"ARCHOS BSA";FR0014018EP6;JXRBS;"Euronext Growth Paris";EUR;0.118;0.13;0.118;0.13;"03/08/2026 17:27";CET;85844;10404.00;0.13;03/08/2026
ARCURE;FR0013398997;ALCUR;"Euronext Growth Paris";EUR;2.40;2.42;2.39;2.39;"03/08/2026 17:35";CET;1899;4558.32;2.39;03/08/2026
"ARDOIN ST AMAND A";FR0005057635;MLARD;"Euronext Access Paris";EUR;200.00;200.00;200.00;200.00;"28/04/2026 11:30";CET;1;200.00;200.00;03/08/2026
"ARDOIN ST AMAND B";FR0004070795;ARDO;"Euronext Access Paris";EUR;72.00;72.00;72.00;72.00;"03/08/2020 16:30";CET;2;144.00;72.00;03/08/2026
"AREF THALASSA";ES0105661005;MLARE;"Euronext Access Paris";EUR;8.75;8.75;8.75;8.75;"17/11/2022 00:00";CET;-;-;8.75;03/08/2026
ARGAN;FR0010481960;ARG;"Euronext Paris";EUR;75.10;76.50;74.50;75.00;"03/08/2026 17:35";CET;21533;1622401.10;75.00;03/08/2026
"ARIMELIA ITG";ES0105601001;MLARI;"Euronext Access Paris";EUR;2.97;2.97;2.97;2.97;"17/09/2021 00:00";CET;-;-;2.98;03/08/2026
ARKEMA;FR0010313833;AKE;"Euronext Paris";EUR;59.05;61.15;58.70;61.15;"03/08/2026 17:35";CET;256085;15537180.91;61.15;03/08/2026
"AROCA DEL PINAR";ES0105486007;MLARO;"Euronext Access Paris";EUR;14.60;14.60;14.60;14.60;"16/08/2020 00:00";CET;-;-;4.12;03/08/2026
ARTEA;FR0012185536;ARTE;"Euronext Paris";EUR;5.45;5.55;5.25;5.55;"03/08/2026 15:43";CET;35;188.85;5.55;03/08/2026
"ARTMARKET COM";FR0000074783;PRC;"Euronext Paris";EUR;2.80;2.81;2.58;2.80;"03/08/2026 17:35";CET;9372;25381.30;2.80;03/08/2026
"ARTOIS NOM.";FR0000076952;ARTO;"Euronext Paris";EUR;9900.00;9900.00;9900.00;9900.00;"27/07/2026 16:30";CET;1;9900.00;9900.00;03/08/2026
"ARVERNE GROUP";FR001400JWR8;ARVEN;"Euronext Paris";EUR;8.04;8.04;7.88;7.94;"03/08/2026 17:35";CET;3971;31666.62;7.94;03/08/2026
"ARVERNE WARRANT";FR0014003AC4;ARVBS;"Euronext Paris";EUR;0.05;0.05;0.05;0.05;"25/11/2025 11:23";CET;150000;7500.00;0.05;03/08/2026
"ASHLER ET MANSON";FR0012968485;MLAEM;"Euronext Access Paris";EUR;2.40;2.40;2.40;2.40;"29/07/2026 11:30";CET;30;72.00;2.40;03/08/2026
ASSYSTEM;FR0000074148;ASY;"Euronext Paris";EUR;42.00;42.50;41.70;42.30;"03/08/2026 17:35";CET;837;35263.25;42.30;03/08/2026
ATARI;FR00140173Y6;ALATA;"Euronext Growth Paris";EUR;21.00;21.98;20.60;21.20;"03/08/2026 17:29";CET;3124;66591.95;21.20;03/08/2026
ATEME;FR0011992700;ATEME;"Euronext Paris";EUR;12.00;12.20;11.80;12.05;"03/08/2026 17:35";CET;8884;106926.45;12.05;03/08/2026
ATLAND;FR0013455482;ATLD;"Euronext Paris";EUR;33.90;34.00;33.30;34.00;"03/08/2026 17:35";CET;128;4324.30;34.00;03/08/2026
ATON;FR0004153930;ALTAO;"Euronext Growth Paris";EUR;0.0102;0.0136;0.0102;0.011;"03/08/2026 17:35";CET;29931674;350237.11;0.011;03/08/2026
"ATOS GROUP";FR001400X2S4;ATO;"Euronext Paris";EUR;32.00;32.48;31.12;31.80;"03/08/2026 17:36";CET;93294;2957282.34;31.80;03/08/2026
AUBAY;FR0000063737;AUB;"Euronext Paris";EUR;55.10;56.10;54.90;55.60;"03/08/2026 17:35";CET;6429;357894.70;55.60;03/08/2026
AUDACIA;FR00140059B5;ALAUD;"Euronext Growth Paris";EUR;4.20;4.28;4.16;4.28;"03/08/2026 16:41";CET;8788;37379.42;4.28;03/08/2026
"AUGROS COSMETIC";FR0000061780;AUGR;"Euronext Paris";EUR;4.64;4.64;4.64;4.64;"31/07/2026 16:30";CET;9;41.76;4.64;03/08/2026
AUREA;FR0000039232;AURE;"Euronext Paris";EUR;5.72;5.72;5.68;5.70;"03/08/2026 10:39";CET;98;560.04;5.70;03/08/2026
"AVENIR TELECOM";FR001400CFI7;AVT;"Euronext Paris";EUR;0.093;0.0962;0.09;0.0922;"03/08/2026 17:35";CET;412938;38212.95;0.0922;03/08/2026
AXA;FR0000120628;CS;"Euronext Paris";EUR;44.92;45.00;44.43;44.63;"03/08/2026 17:35";CET;3101670;138586399.48;44.63;03/08/2026
AYVENS;FR0013258662;AYV;"Euronext Paris";EUR;11.79;11.87;11.70;11.81;"03/08/2026 17:35";CET;660099;7791758.04;11.81;03/08/2026
"AZ LEASING";IT0004812258;MLAZL;"Euronext Access Paris";EUR;0.625;0.625;0.625;0.625;"06/03/2024 11:30";CET;16;10.00;0.625;03/08/2026
"AZOREAN TECH";PTAZR0AM0006;MLAAT;"Euronext Access Paris";EUR;0.258;0.258;0.258;0.258;"27/07/2026 11:30";CET;10;2.58;0.258;03/08/2026
BAIKOWSKI;FR0013384369;ALBKK;"Euronext Growth Paris";EUR;25.00;26.00;24.30;26.00;"03/08/2026 17:35";CET;265;6545.30;26.00;03/08/2026
"BAINS MER MONACO";MC0000031187;BAIN;"Euronext Paris";EUR;140.00;140.00;138.00;139.00;"03/08/2026 17:18";CET;369;51272.50;139.00;03/08/2026
"BARBARA BUI";FR0000062788;BUI;"Euronext Paris";EUR;3.80;3.80;3.80;3.80;"20/07/2026 16:30";CET;17;64.60;3.80;03/08/2026
"BARINGS CORE SPAIN";ES0105362000;MLBAR;"Euronext Access Paris";EUR;1.50;1.50;1.50;1.50;"18/09/2018 00:00";CET;-;-;0.0005;03/08/2026
BASSAC;FR0004023208;BASS;"Euronext Paris";EUR;43.90;44.40;43.70;44.30;"03/08/2026 17:29";CET;1145;50436.70;44.30;03/08/2026
"BASTIDE LE CONFORT";FR0000035370;BLC;"Euronext Paris";EUR;23.40;23.40;22.85;23.10;"03/08/2026 17:35";CET;2726;62986.55;23.10;03/08/2026
"BEBO HEALTH";CH1148983609;MLBBO;"Euronext Access Paris";EUR;0.184;0.184;0.184;0.184;"14/07/2026 16:30";CET;1000;184.00;0.184;03/08/2026
BENETEAU;FR0000035164;BEN;"Euronext Paris";EUR;6.05;6.15;6.02;6.05;"03/08/2026 17:37";CET;66667;404979.34;6.05;03/08/2026
"BERNARD LOISEAU";FR0000066961;ALDBL;"Euronext Growth Paris";EUR;4.14;4.14;3.78;3.78;"31/07/2026 16:30";CET;398;1552.68;3.78;03/08/2026
BIC;FR0000120966;BB;"Euronext Paris";EUR;67.30;68.10;66.50;67.60;"03/08/2026 17:35";CET;65782;4440172.80;67.60;03/08/2026
"BIGBEN INTERACTIVE";FR0000074072;BIG;"Euronext Paris";EUR;0.368;0.373;0.368;0.373;"03/08/2026 17:35";CET;11751;4354.88;0.373;03/08/2026
BILENDI;FR0004174233;ALBLD;"Euronext Growth Paris";EUR;13.20;13.98;13.12;13.30;"03/08/2026 17:35";CET;5985;80234.27;13.30;03/08/2026
"BIMMART INVESTMENT";ES0106008008;MLBIM;"Euronext Access Paris";EUR;-;-;-;16.00;"09/03/2026 00:00";CET;-;-;15.70;03/08/2026
"BIO-UV GROUP";FR0013345493;ALTUV;"Euronext Growth Paris";EUR;1.28;1.29;1.28;1.28;"03/08/2026 17:24";CET;12072;15466.54;1.28;03/08/2026
BIOMERIEUX;FR0013280286;BIM;"Euronext Paris";EUR;69.40;72.35;69.40;72.25;"03/08/2026 17:35";CET;193757;13897587.70;72.25;03/08/2026
BIOPHYTIS;FR001400OLP5;ALBPS;"Euronext Growth Paris";EUR;0.0075;0.0441;0.0074;0.04;"03/08/2026 17:35";CET;122341767;3171924.37;0.04;03/08/2026
"BIOPHYTIS BSA";FR001400YN90;BPYBS;"Euronext Growth Paris";EUR;0.0025;0.0025;0.0025;0.0025;"26/03/2026 16:16";CET;450000;1125.00;0.0025;03/08/2026
"BIOPHYTIS BSA";FR001400LN79;BPBS;"Euronext Growth Paris";EUR;0.0005;0.0005;0.0005;0.0005;"03/08/2026 16:55";CET;28058455;14029.26;0.0005;03/08/2026
"BIOPHYTIS BSA31";FR0014016WC0;BIBS3;"Euronext Growth Paris";EUR;0.005;0.005;0.005;0.005;"03/08/2026 15:14";CET;800;4.00;0.005;03/08/2026
BIOSENIC;BE0974280126;BIOS;"Euronext Brussels, Paris";EUR;0.002;0.002;0.002;0.002;"26/05/2026 10:35";CET;70735;141.47;0.002;03/08/2026
BIOSYNEX;FR0011005933;ALBIO;"Euronext Growth Paris";EUR;0.92;0.92;0.902;0.92;"03/08/2026 17:35";CET;8486;7698.45;0.92;03/08/2026
BLEECKER;FR0000062150;BLEE;"Euronext Paris";EUR;115.00;115.00;115.00;115.00;"03/08/2026 11:30";CET;6;690.00;115.00;03/08/2026
"BLUE SHARK POWER";FR0013340973;MLBSP;"Euronext Access Paris";EUR;3.70;3.70;3.70;3.70;"30/07/2026 16:30";CET;5;18.50;3.70;03/08/2026
BLUELINEA;FR0011041011;ALBLU;"Euronext Growth Paris";EUR;0.216;0.216;0.216;0.216;"03/08/2026 12:24";CET;3;0.65;0.216;03/08/2026
"BNP PARIBAS ACT.A";FR0000131104;BNP;"Euronext Paris";EUR;110.68;111.78;110.56;111.78;"03/08/2026 17:35";CET;1726832;192560640.43;111.78;03/08/2026
"BOA CONCEPT";FR0011365907;ALBOA;"Euronext Growth Paris";EUR;14.00;14.00;13.90;14.00;"03/08/2026 15:25";CET;127;1773.20;14.00;03/08/2026
"BODY ONE";FR0010106039;MLONE;"Euronext Access Paris";EUR;0.80;0.80;0.80;0.80;"31/07/2026 16:30";CET;5;4.00;0.80;03/08/2026
BOIRON;FR0000061129;BOI;"Euronext Paris";EUR;27.20;28.00;27.20;27.80;"03/08/2026 17:35";CET;1398;38839.10;27.80;03/08/2026
BOLLORE;FR0000039299;BOL;"Euronext Paris";EUR;3.874;3.878;3.718;3.766;"03/08/2026 17:37";CET;2756305;10381340.70;3.766;03/08/2026
BONDUELLE;FR0000063935;BON;"Euronext Paris";EUR;9.11;9.15;8.82;8.82;"03/08/2026 17:35";CET;20790;187540.97;8.82;03/08/2026
BONYF;BE6333353298;MLBON;"Euronext Access Paris";EUR;2.48;2.48;2.48;2.48;"15/07/2026 11:30";CET;20;49.60;2.48;03/08/2026
BOOSTHEAT;FR00140153G5;ALBOO;"Euronext Growth Paris";EUR;0.582;0.594;0.582;0.594;"03/08/2026 13:14";CET;271;159.77;0.594;03/08/2026
"BOURRELIER GROUP";FR0000054421;ALBOU;"Euronext Growth Paris";EUR;69.50;69.50;67.00;67.00;"03/08/2026 16:30";CET;3;206.00;67.00;03/08/2026
"BOURSE DIRECT";FR0000074254;BSD;"Euronext Paris";EUR;5.48;5.50;5.44;5.48;"03/08/2026 17:35";CET;4976;27159.42;5.48;03/08/2026
BOUYGUES;FR0000120503;EN;"Euronext Paris";EUR;49.40;50.20;48.99;49.28;"03/08/2026 17:35";CET;602700;29729789.66;49.28;03/08/2026
BROADPEAK;FR001400AJZ7;ALBPK;"Euronext Growth Paris";EUR;2.39;2.40;2.34;2.37;"03/08/2026 17:35";CET;5234;12392.97;2.37;03/08/2026
"BUREAU VERITAS";FR0006174348;BVI;"Euronext Paris";EUR;27.88;28.48;27.84;28.25;"03/08/2026 17:36";CET;1207786;34082967.91;28.25;03/08/2026
BURELLE;FR0000061137;BUR;"Euronext Paris";EUR;376.00;380.00;373.00;377.00;"03/08/2026 17:35";CET;234;88242.00;377.00;03/08/2026
"CA TOULOUSE 31 CCI";FR0000045544;CAT31;"Euronext Paris";EUR;122.46;122.46;120.00;120.00;"03/08/2026 17:35";CET;456;54847.44;120.00;03/08/2026
CAFOM;FR0010151589;ALCAF;"Euronext Growth Paris";EUR;12.85;12.85;12.70;12.70;"03/08/2026 17:15";CET;614;7823.75;12.70;03/08/2026
CALIBRE;FR0014004QR6;ALIBR;"Euronext Growth Paris";EUR;0.0003;0.0004;0.0003;0.0003;"12/06/2026 17:39";CET;367049187;110283.19;0.0003;03/08/2026
"CALIBRE BSA K2A";FR0013507985;IBRKA;"Euronext Growth Paris";EUR;0.0005;0.0005;0.0005;0.0005;"12/02/2026 09:00";CET;480114;240.06;0.0005;03/08/2026
"CALIBRE BSA K2B";FR0013508009;IBRKB;"Euronext Growth Paris";EUR;0.0005;0.0005;0.0005;0.0005;"19/02/2026 09:00";CET;20001;10.00;0.0005;03/08/2026
"CAMBODGE NOM.";FR001400SUB7;CBDG;"Euronext Paris";EUR;106.00;106.00;106.00;106.00;"03/08/2026 16:41";CET;750;79500.00;106.00;03/08/2026
CAPGEMINI;FR0000125338;CAP;"Euronext Paris";EUR;103.90;109.80;103.90;107.20;"03/08/2026 17:36";CET;943390;101278006.08;107.20;03/08/2026
"CAPITAL B";FR0011053636;ALCPB;"Euronext Growth Paris";EUR;0.461;0.462;0.4421;0.462;"03/08/2026 17:35";CET;1989781;904197.87;0.462;03/08/2026
CARBIOS;FR0011648716;ALCRB;"Euronext Growth Paris";EUR;7.45;7.75;7.29;7.30;"03/08/2026 17:35";CET;25918;193155.39;7.30;03/08/2026
CARMILA;FR0010828137;CARM;"Euronext Paris";EUR;17.00;17.06;16.90;17.00;"03/08/2026 17:35";CET;96650;1642357.26;17.00;03/08/2026
CARREFOUR;FR0000120172;CA;"Euronext Paris";EUR;15.88;15.96;15.80;15.86;"03/08/2026 17:35";CET;1928833;30612757.56;15.86;03/08/2026
CARVOLIX;FR0013333077;CVX;"Euronext Paris";EUR;6.30;6.34;6.08;6.14;"03/08/2026 17:36";CET;30402;188152.64;6.14;03/08/2026
"CASINO BSA1";FR001400OJ72;COBS1;"Euronext Paris";EUR;-;-;-;-;-;CET;-;-;-;-
"CASINO BSA3";FR001400OJ98;COBS3;"Euronext Paris";EUR;0.0005;0.0005;0.0005;0.0005;"03/07/2026 11:30";CET;1000000;500.00;0.0005;03/08/2026
"CASINO GUICHARD";FR001400OKR3;CO;"Euronext Paris";EUR;0.196;0.196;0.1826;0.1927;"03/08/2026 17:35";CET;346751;65600.60;0.1927;03/08/2026
"CATANA GROUP";FR0010193052;ALCAT;"Euronext Growth Paris";EUR;1.836;1.858;1.782;1.798;"03/08/2026 17:35";CET;66753;121070.73;1.798;03/08/2026
"CATERING INTL SCES";FR0000064446;ALCIS;"Euronext Growth Paris";EUR;20.20;20.40;20.10;20.10;"03/08/2026 17:27";CET;1655;33395.90;20.10;03/08/2026
CBI;FR0014007LW0;ALCBI;"Euronext Growth Paris";EUR;0.0901;0.0908;0.0862;0.0905;"03/08/2026 17:25";CET;298136;26749.25;0.0905;03/08/2026
"CBI BSA A";FR001400O416;CBBSA;"Euronext Growth Paris";EUR;0.014;0.014;0.014;0.014;"03/08/2026 09:00";CET;125;1.75;0.014;03/08/2026
"CBI BSA B";FR001400O408;CBSAB;"Euronext Growth Paris";EUR;0.003;0.003;0.003;0.003;"03/08/2026 09:00";CET;125;0.38;0.003;03/08/2026
"CBO TERRITORIA";FR0010193979;CBOT;"Euronext Paris";EUR;3.92;3.92;3.88;3.92;"03/08/2026 17:35";CET;14067;54786.02;3.92;03/08/2026
CEGEDIM;FR0000053506;ALCGM;"Euronext Growth Paris";EUR;10.30;10.86;10.12;10.50;"03/08/2026 17:35";CET;25271;261483.46;10.50;03/08/2026
CELLECTIS;FR0010425595;ALCLS;"Euronext Growth Paris";EUR;2.47;2.50;2.414;2.426;"03/08/2026 17:35";CET;59176;145163.38;2.426;03/08/2026
"CELYAD ONCOLOGY";BE0974260896;CYAD;"Euronext Brussels, Paris";EUR;0.26;0.273;0.26;0.273;"03/08/2026 17:28";CET;9615;2518.72;0.273;03/08/2026
CFI;FR0000037475;CFI;"Euronext Paris";EUR;1.25;1.25;1.25;1.25;"31/07/2026 16:30";CET;240;300.00;1.25;03/08/2026
"CFM INDOSUEZWEALTH";MC0010000826;MLCFM;"Euronext Access Paris";EUR;1330.00;1330.00;1330.00;1330.00;"29/07/2026 17:12";CET;4;5320.00;1330.00;03/08/2026
"CH.FER DEPARTEMENT";FR0000037871;MLCFD;"Euronext Access Paris";EUR;1050.00;1050.00;1050.00;1050.00;"30/07/2026 16:30";CET;2;2100.00;-;-
"CHARWOOD ENERGY";FR001400AJ60;ALCWE;"Euronext Growth Paris";EUR;3.30;3.30;3.30;3.30;"03/08/2026 12:16";CET;58;191.40;3.30;03/08/2026
CHAUSSERIA;FR0000060907;CHSR;"Euronext Paris";EUR;7.00;7.00;7.00;7.00;"29/05/2026 16:30";CET;4;28.00;7.00;03/08/2026
"CHEOPS TECHNOLOGY";FR0010447086;MLCHE;"Euronext Access Paris";EUR;55.50;55.50;55.50;55.50;"03/08/2026 11:53";CET;7;388.50;55.50;03/08/2026
"CHRISTIAN DIOR";FR0000130403;CDI;"Euronext Paris";EUR;436.20;451.20;436.20;445.00;"03/08/2026 17:35";CET;7162;3199624.90;445.00;03/08/2026
"CIBOX INTER A CTIV";FR0000054322;ALCBX;"Euronext Growth Paris";EUR;0.0115;0.0116;0.0112;0.0113;"03/08/2026 17:35";CET;771931;8794.26;0.0113;03/08/2026
"CIE DU MONT BLANC";FR0000060428;MLCMB;"Euronext Access Paris";EUR;250.00;250.00;250.00;250.00;"03/08/2026 16:30";CET;69;17250.00;250.00;03/08/2026
CIECHARGEURSINVEST;FR0000130692;CRI;"Euronext Paris";EUR;8.45;8.48;8.32;8.36;"03/08/2026 17:35";CET;11267;95090.07;8.36;03/08/2026
CLARANOVA;FR0013426004;ALCLA;"Euronext Growth Paris";EUR;0.635;0.665;0.624;0.65;"03/08/2026 17:37";CET;120666;78285.82;0.65;03/08/2026
CLARIANE;FR0010386334;CLARI;"Euronext Paris";EUR;4.01;4.086;3.96;4.018;"03/08/2026 17:35";CET;418317;1680531.68;4.018;03/08/2026
"CMG CLEANTECH";FR0013406881;MLCMG;"Euronext Access Paris";EUR;0.15;0.15;0.15;0.15;"30/07/2026 11:31";CET;10803;1620.45;0.15;03/08/2026
COFACE;FR0010667147;COFA;"Euronext Paris";EUR;15.76;16.14;15.70;16.11;"03/08/2026 17:35";CET;209215;3351933.13;16.11;03/08/2026
COFIDUR;FR0013257409;ALCOF;"Euronext Growth Paris";EUR;294.00;294.00;294.00;294.00;"03/08/2026 17:21";CET;12;3528.00;294.00;03/08/2026
COGRA;FR0011071570;ALCOG;"Euronext Growth Paris";EUR;6.74;6.76;6.60;6.72;"03/08/2026 14:49";CET;1563;10504.00;6.72;03/08/2026
COHERIS;FR0004031763;COH;"Euronext Paris";EUR;10.90;10.90;10.60;10.80;"03/08/2026 16:26";CET;410;4440.80;10.80;03/08/2026
COIL;BE0160342011;ALCOI;"Euronext Growth Paris";EUR;1.19;1.19;1.19;1.19;"31/07/2026 12:39";CET;3;3.57;1.19;03/08/2026
COLIPAYS;FR0010959684;MLCLP;"Euronext Access Paris";EUR;1.80;1.80;1.80;1.80;"03/08/2026 16:30";CET;12;21.60;1.80;03/08/2026
"COMPAGNIE ODET";FR0000062234;ODET;"Euronext Paris";EUR;1350.00;1355.00;1320.00;1328.00;"03/08/2026 17:35";CET;348;463495.00;1328.00;03/08/2026
"CONDOR TECHNOLOG";BE6252013725;MLMFI;"Euronext Access Paris";EUR;12.00;12.00;12.00;12.00;"29/02/2024 16:30";CET;1748;20976.00;12.00;03/08/2026
"CONSORT NT";FR0000077828;MLCNT;"Euronext Access Paris";EUR;60.00;60.00;60.00;60.00;"28/04/2026 11:30";CET;1;60.00;58.00;03/08/2026
"CONSTRUCTEURS BOIS";FR00140007I9;MLLCB;"Euronext Access Paris";EUR;2.20;2.20;2.20;2.20;"03/08/2026 11:30";CET;218;479.60;2.20;03/08/2026
"CORE SPAIN HOLDCO";ES0105660007;MLCOE;"Euronext Access Paris";EUR;16.60;16.60;16.60;16.60;"17/11/2022 00:00";CET;-;-;16.40;03/08/2026
"COREP LIGHTING";FR0010035816;MLCOR;"Euronext Access Paris";EUR;9.00;9.00;9.00;9.00;"27/02/2024 11:30";CET;47;423.00;9.00;03/08/2026
COTY;US2220702037;COTY;"Euronext Paris";EUR;2.32;2.36;2.32;2.36;"31/07/2026 16:00";CET;1345;3126.20;2.36;03/08/2026
"COURBET HERITAGE";FR0004998318;MLCOU;"Euronext Access Paris";EUR;1.29;1.29;1.29;1.29;"29/07/2026 16:30";CET;7;9.03;1.29;03/08/2026
COURTOIS;FR0000065393;COUR;"Euronext Paris";EUR;100.00;100.00;100.00;100.00;"30/07/2026 14:33";CET;1;100.00;100.00;03/08/2026
COVIVIO;FR0000064578;COV;"Euronext Paris";EUR;53.20;54.40;53.125;53.40;"03/08/2026 17:36";CET;137065;7339436.37;53.40;03/08/2026
"COVIVIO HOTELS";FR0000060303;COVH;"Euronext Paris";EUR;22.80;23.10;22.30;23.00;"03/08/2026 17:35";CET;1239;28025.70;23.00;03/08/2026
"CRCAM ALP.PROV.CCI";FR0000044323;CRAP;"Euronext Paris";EUR;139.52;140.14;137.54;139.02;"03/08/2026 13:12";CET;790;109470.54;139.02;03/08/2026
"CRCAM ATL.VEND.CCI";FR0000185506;CRAV;"Euronext Paris";EUR;142.20;142.20;140.70;140.70;"03/08/2026 17:35";CET;75;10637.98;140.70;03/08/2026
"CRCAM BRIE PIC2CCI";FR0010483768;CRBP2;"Euronext Paris";EUR;36.40;36.595;36.21;36.44;"03/08/2026 17:35";CET;4384;159835.79;36.44;03/08/2026
"CRCAM ILLE-VIL.CCI";FR0000045213;CIV;"Euronext Paris";EUR;113.00;115.84;112.80;114.00;"03/08/2026 14:54";CET;377;43166.40;114.00;03/08/2026
"CRCAM LANGUED CCI";FR0010461053;CRLA;"Euronext Paris";EUR;90.50;90.50;89.00;89.50;"03/08/2026 17:16";CET;595;53583.89;89.50;03/08/2026
"CRCAM LOIRE HTE L.";FR0000045239;CRLO;"Euronext Paris";EUR;96.51;96.51;96.50;96.50;"03/08/2026 09:07";CET;201;19398.36;96.50;03/08/2026
"CRCAM MORBIHAN CCI";FR0000045551;CMO;"Euronext Paris";EUR;115.04;118.98;111.62;113.00;"03/08/2026 17:23";CET;605;68561.68;113.00;03/08/2026
"CRCAM NORD CCI";FR0000185514;CNDF;"Euronext Paris";EUR;29.61;29.90;29.25;29.42;"03/08/2026 17:35";CET;5360;158358.05;29.42;03/08/2026
"CRCAM NORM.SEINE";FR0000044364;CCN;"Euronext Paris";EUR;162.60;163.98;162.02;163.98;"03/08/2026 16:04";CET;366;59568.14;163.98;03/08/2026
"CRCAM PARIS ET IDF";FR0000045528;CAF;"Euronext Paris";EUR;118.80;118.92;118.62;118.72;"03/08/2026 17:35";CET;711;84485.60;118.72;03/08/2026
"CRCAM SUD R.A.CCI";FR0000045346;CRSU;"Euronext Paris";EUR;225.55;226.00;224.00;224.05;"03/08/2026 15:07";CET;321;72264.50;224.05;03/08/2026
"CRCAM TOURAINE CCI";FR0000045304;CRTO;"Euronext Paris";EUR;138.12;141.94;138.12;141.50;"03/08/2026 17:27";CET;269;37609.14;141.50;03/08/2026
"CREDIT AGRICOLE";FR0000045072;ACA;"Euronext Paris";EUR;19.34;19.52;19.34;19.445;"03/08/2026 17:35";CET;5020020;97572769.41;19.445;03/08/2026
CROSSJECT;FR0011716265;ALCJ;"Euronext Growth Paris";EUR;1.52;1.60;1.494;1.514;"03/08/2026 17:35";CET;196128;300458.98;1.514;03/08/2026
"CROSSJECT BS27";FR001400UR90;CJBS;"Euronext Growth Paris";EUR;1.29;1.29;1.29;1.29;"03/08/2026 09:52";CET;300;387.00;1.29;03/08/2026
CROSSWOOD;FR0000050395;CROS;"Euronext Paris";EUR;8.75;8.75;8.75;8.75;"30/07/2026 14:46";CET;20;175.00;8.75;03/08/2026
D.L.S.I.;FR0010404368;ALDLS;"Euronext Growth Paris";EUR;10.60;10.80;10.60;10.80;"03/08/2026 17:24";CET;32;343.20;10.80;03/08/2026
DAMARIS;FR0000077885;MLDAM;"Euronext Access Paris";EUR;6.75;6.75;6.75;6.75;"17/06/2026 11:30";CET;10;67.50;6.75;03/08/2026
DAMARTEX;FR0000185423;ALDAR;"Euronext Growth Paris";EUR;2.49;2.53;2.49;2.53;"03/08/2026 14:54";CET;1386;3480.91;2.53;03/08/2026
DANONE;FR0000120644;BN;"Euronext Paris";EUR;67.28;68.08;67.14;67.80;"03/08/2026 17:39";CET;1326713;89796690.47;67.80;03/08/2026
"DASSAULT AVIATION";FR0014004L86;AM;"Euronext Paris";EUR;302.00;306.60;302.00;304.80;"03/08/2026 17:35";CET;60941;18566831.80;304.80;03/08/2026
"DASSAULT SYSTEMES";FR0014003TT8;DSY;"Euronext Paris";EUR;20.29;21.44;20.29;20.75;"03/08/2026 17:39";CET;2897382;60529149.02;20.75;03/08/2026
DBT;FR001400LO86;ALDBT;"Euronext Growth Paris";EUR;0.043;0.043;0.0366;0.0386;"03/08/2026 17:35";CET;4250023;167814.04;0.0386;03/08/2026
"DBV TECHNOLOGIES";FR0010417345;DBV;"Euronext Paris";EUR;2.35;2.36;2.256;2.32;"03/08/2026 17:36";CET;689325;1598644.13;2.32;03/08/2026
DEEZER;FR001400AYG6;DEEZR;"Euronext Paris";EUR;1.175;1.19;1.17;1.18;"03/08/2026 17:35";CET;35986;42434.39;1.18;03/08/2026
"DEEZER WARRANTS";FR0014004JF6;DEEZW;"Euronext Paris";EUR;0.0005;0.0005;0.0005;0.0005;"30/10/2024 09:00";CET;2;-;0.0005;03/08/2026
DEKUPLE;FR0000062978;DKUPL;"Euronext Paris";EUR;25.40;25.60;25.30;25.30;"03/08/2026 17:15";CET;2524;63894.70;25.30;03/08/2026
DELFINGEN;FR0000054132;ALDEL;"Euronext Growth Paris";EUR;29.60;29.90;29.60;29.60;"03/08/2026 16:51";CET;547;16213.10;29.60;03/08/2026
"DELTA PLUS GROUP";FR0013283108;ALDLT;"Euronext Growth Paris";EUR;35.90;36.20;35.40;36.20;"03/08/2026 16:32";CET;367;13173.70;36.20;03/08/2026
DERICHEBOURG;FR0000053381;DBG;"Euronext Paris";EUR;9.34;9.49;9.27;9.425;"03/08/2026 17:35";CET;159654;1500226.87;9.425;03/08/2026
DEVERNOIS;FR0000060840;ALDEV;"Euronext Growth Paris";EUR;10.20;10.20;10.20;10.20;"01/06/2026 11:30";CET;43;438.60;10.20;03/08/2026
"DIAGNOSTIC MEDICAL";FR0012202497;ALDMS;"Euronext Growth Paris";EUR;1.085;1.09;1.08;1.09;"03/08/2026 15:24";CET;2908;3153.98;1.09;03/08/2026
DNXCORP;FR0010436584;ALDNX;"Euronext Growth Paris";EUR;18.85;18.85;18.70;18.70;"03/08/2026 15:44";CET;752;14065.25;18.70;03/08/2026
"DOCK.PETR.AMBES AM";FR0000065260;DPAM;"Euronext Paris";EUR;875.00;875.00;860.00;860.00;"31/07/2026 16:31";CET;7;6050.00;860.00;03/08/2026
DOLFINES;FR001400SP13;ALDOL;"Euronext Growth Paris";EUR;1.10;1.10;1.03;1.10;"03/08/2026 16:20";CET;339;371.83;1.10;03/08/2026
DONTNOD;FR0013331212;ALDNE;"Euronext Growth Paris";EUR;0.42;0.42;0.405;0.419;"03/08/2026 16:08";CET;2802;1137.69;0.419;03/08/2026
"DRONE VOLT";FR001400SVN0;ALDRV;"Euronext Growth Paris";EUR;0.356;0.3644;0.351;0.357;"03/08/2026 17:35";CET;172003;61143.02;0.357;03/08/2026
"DRONE VOLT BS28";FR0014007951;BNBS;"Euronext Growth Paris";EUR;0.0076;0.0086;0.0076;0.0078;"03/08/2026 17:35";CET;2205530;18032.95;0.0078;03/08/2026
"DRONE VOLT BSA";FR0014011219;DRNBS;"Euronext Growth Paris";EUR;-;-;-;-;-;CET;-;-;-;-
DRONEVOLTBS31;FR00140188H9;DVBS6;"Euronext Growth Paris";EUR;-;-;-;-;-;CET;-;-;-;-
DYNAFOND;FR0000052920;MLDYN;"Euronext Access Paris";EUR;0.70;0.70;0.70;0.70;"01/10/2025 11:30";CET;1269;888.30;0.70;03/08/2026
"E PANGO";FR0014004339;ALAGO;"Euronext Growth Paris";EUR;0.128;0.1338;0.1225;0.1276;"03/08/2026 17:35";CET;298184;38700.91;0.1276;03/08/2026
EAGLEFOOTBALLGROUP;FR0010428771;EFG;"Euronext Paris";EUR;1.84;1.84;1.72;1.825;"03/08/2026 17:25";CET;1863;3328.16;1.825;03/08/2026
"EASSON HOLDINGS";HK0000038783;MLEAS;"Euronext Access Paris";EUR;1.26;1.26;1.26;1.26;"06/01/2025 11:30";CET;50;63.00;1.26;03/08/2026
"EAUX DE ROYAN";FR0007200100;MLEDR;"Euronext Access Paris";EUR;33.40;36.60;33.40;36.60;"03/08/2026 16:30";CET;19;669.80;36.60;03/08/2026
EAVS;FR0010536185;MLEAV;"Euronext Access Paris";EUR;13.00;13.00;13.00;13.00;"28/09/2022 11:30";CET;2;26.00;13.00;03/08/2026
ECOMIAM;FR0013534617;ALECO;"Euronext Growth Paris";EUR;2.06;2.18;1.90;2.05;"03/08/2026 17:10";CET;6983;13681.56;2.05;03/08/2026
ECOSLOPS;FR0011490648;ALESA;"Euronext Growth Paris";EUR;1.11;1.11;1.105;1.105;"03/08/2026 17:35";CET;1630;1803.77;1.105;03/08/2026
EDENRED;FR0010908533;EDEN;"Euronext Paris";EUR;28.46;28.71;28.23;28.34;"03/08/2026 17:35";CET;589451;16737764.89;28.34;03/08/2026
EDILIZIACROBATICA;IT0005351504;ALEAC;"Euronext Growth Paris";EUR;2.90;2.90;2.90;2.90;"26/05/2026 09:03";CET;503;1458.70;2.90;03/08/2026
"EDUFORM ACTION";FR0010882886;ALEFA;"Euronext Growth Paris";EUR;0.30;0.30;0.30;0.30;"24/07/2026 16:41";CET;19911;5973.30;0.30;03/08/2026
EGIDE;FR0000072373;ALGID;"Euronext Growth Paris";EUR;1.02;1.02;0.96;1.01;"03/08/2026 17:35";CET;29975;29660.34;1.01;03/08/2026
EIFFAGE;FR0000130452;FGR;"Euronext Paris";EUR;124.30;126.00;123.85;124.95;"03/08/2026 17:35";CET;179258;22387338.88;124.95;03/08/2026
"EIFFAGE USD";FR0000130452;FGRMC;"Euronext Paris - Multi-currency Trading";USD;140.60;140.60;140.60;140.60;"30/07/2026 09:09";CET;240;33744.00;140.60;03/08/2026
EKINOPS;FR0011466069;EKI;"Euronext Paris";EUR;2.55;2.625;2.465;2.49;"03/08/2026 17:37";CET;71246;179542.28;2.49;03/08/2026
ELEC.STRASBOURG;FR0000031023;ELEC;"Euronext Paris";EUR;161.40;163.60;155.40;162.60;"03/08/2026 17:35";CET;9234;1473895.60;162.60;03/08/2026
"ELECT. MADAGASCAR";FR0000035719;EEM;"Euronext Paris";EUR;1.91;1.91;1.91;1.91;"29/07/2026 16:30";CET;99;189.09;1.91;03/08/2026
"ELIOR GROUP";FR0011950732;ELIOR;"Euronext Paris";EUR;2.138;2.164;2.112;2.114;"03/08/2026 17:35";CET;276255;588117.15;2.114;03/08/2026
ELIS;FR0012435121;ELIS;"Euronext Paris";EUR;25.60;25.76;25.34;25.48;"03/08/2026 17:35";CET;277337;7076379.70;25.48;03/08/2026
ELIX;ES0105726006;MLERH;"Euronext Access Paris";EUR;2.00;2.00;2.00;2.00;"23/01/2025 12:13";CET;1;2.00;2.00;03/08/2026
EMBENTION;ES0105639001;ALUAV;"Euronext Growth Paris";EUR;41.80;41.80;41.80;41.80;"03/08/2026 16:30";CET;1;41.80;41.80;03/08/2026
EMEIS;FR001400NLM4;EMEIS;"Euronext Paris";EUR;14.64;14.77;13.89;13.96;"03/08/2026 17:35";CET;345472;4888174.19;13.96;03/08/2026
"EMOVA GROUP";FR0013356755;ALEMV;"Euronext Growth Paris";EUR;0.75;0.80;0.745;0.79;"03/08/2026 17:23";CET;2095;1582.85;0.79;03/08/2026
"ENCRES DUBUIT";FR0004030708;ALDUB;"Euronext Growth Paris";EUR;2.00;2.00;2.00;2.00;"03/08/2026 16:47";CET;240;480.00;2.00;03/08/2026
ENENSYS;FR0013330792;ALNN6;"Euronext Growth Paris";EUR;1.30;1.30;1.24;1.30;"03/08/2026 17:35";CET;5478;6884.21;1.30;03/08/2026
ENERGISME;FR0013399359;ALNRG;"Euronext Growth Paris";EUR;0.0044;0.0044;0.0042;0.0042;"03/08/2026 17:25";CET;1478068;6478.00;0.0042;03/08/2026
"ENERGY SOLAR";ES0105687000;ALETC;"Euronext Growth Paris";EUR;1.355;1.355;1.355;1.355;"03/08/2026 09:00";CET;1;1.36;1.355;03/08/2026
ENGIE;FR0010208488;ENGI;"Euronext Paris, Brussels";EUR;27.19;27.20;26.38;26.87;"03/08/2026 17:36";CET;3439739;92228930.84;26.87;03/08/2026
ENOGIA;FR0014004974;ALENO;"Euronext Growth Paris";EUR;6.66;6.74;6.60;6.68;"03/08/2026 17:35";CET;4175;27878.48;6.68;03/08/2026
ENTECH;FR0014004362;ALESE;"Euronext Growth Paris";EUR;9.51;9.74;9.42;9.55;"03/08/2026 17:35";CET;9882;94808.25;9.55;03/08/2026
EO2;FR0010465534;ALEO2;"Euronext Growth Paris";EUR;2.62;2.62;2.62;2.62;"03/08/2026 15:41";CET;17;44.54;2.62;03/08/2026
EQUASENS;FR0012882389;EQS;"Euronext Paris";EUR;32.75;33.20;31.20;31.80;"03/08/2026 17:35";CET;46324;1479835.63;31.80;03/08/2026
ERAMET;FR0000131757;ERA;"Euronext Paris";EUR;43.50;43.96;42.90;43.96;"03/08/2026 17:35";CET;19870;864989.07;43.96;03/08/2026
"ES VEDRA";ES0105964003;MLESV;"Euronext Access Paris";EUR;-;-;-;1.11;"18/12/2025 00:00";CET;-;-;1.11;03/08/2026
ESSILORLUXOTTICA;FR0000121667;EL;"Euronext Paris";EUR;164.70;172.50;162.60;169.60;"03/08/2026 17:37";CET;1033878;175049930.15;169.60;03/08/2026
ETHERO;FR0010424697;ALENT;"Euronext Growth Paris";EUR;0.47;0.4995;0.4685;0.4685;"03/08/2026 17:35";CET;10911;5311.87;0.4685;03/08/2026
"EURASIA FONC INV";FR0000061475;EFI;"Euronext Paris";EUR;0.133;0.133;0.133;0.133;"14/07/2026 11:30";CET;50;6.65;0.133;03/08/2026
"EURASIA GROUPE";FR0010844001;ALEUA;"Euronext Growth Paris";EUR;1.22;1.22;1.22;1.22;"05/06/2025 10:04";CET;1;1.22;1.22;03/08/2026
EURAZEO;FR0000121121;RF;"Euronext Paris";EUR;47.60;50.15;47.60;49.60;"03/08/2026 17:35";CET;165737;8174280.51;49.60;03/08/2026
EUROAPI;FR0014008VX5;EAPI;"Euronext Paris";EUR;0.979;0.995;0.948;0.957;"03/08/2026 17:35";CET;262432;252724.20;0.957;03/08/2026
EUROBIO-SCIENTIFIC;FR0013240934;ALERS;"Euronext Growth Paris";EUR;20.50;21.20;20.20;20.70;"03/08/2026 15:51";CET;2657;55092.60;20.70;03/08/2026
"EUROFINS CEREP";FR0013256518;ALECR;"Euronext Growth Paris";EUR;16300.00;16300.00;16300.00;16300.00;"10/07/2026 16:30";CET;2;32600.00;16300.00;03/08/2026
"EUROFINS SCIENT.";FR0014000MR3;ERF;"Euronext Paris";EUR;68.50;69.24;67.44;67.74;"03/08/2026 17:35";CET;214239;14591173.10;67.74;03/08/2026
"EUROLAND CORPORATE";FR0010157115;ALERO;"Euronext Growth Paris";EUR;3.14;3.14;3.14;3.14;"03/08/2026 12:54";CET;33;103.62;3.14;03/08/2026
"EUROLOG CANOLA";ES0105586004;MLCAN;"Euronext Access Paris";EUR;1320.00;1320.00;1320.00;1320.00;"11/08/2021 00:00";CET;-;-;1300.00;03/08/2026
EURONEXT;NL0006294274;ENX;"Euronext Paris, Amsterdam, Brussels";EUR;158.10;158.60;156.70;157.10;"03/08/2026 17:35";CET;261113;41070674.75;157.10;03/08/2026
EUROPACORP;FR0010490920;ALECP;"Euronext Growth Paris";EUR;0.276;0.288;0.276;0.283;"03/08/2026 17:35";CET;754;211.77;0.283;03/08/2026
"European Medical S";BE0974497290;ALEMS;"Euronext Growth Brussels, Paris";EUR;4.00;4.00;4.00;4.00;"03/08/2026 09:57";CET;26;104.00;4.00;03/08/2026
EUROPLASMA;FR0014011QJ8;ALEUP;"Euronext Growth Paris";EUR;0.0008;0.001;0.0008;0.0008;"03/08/2026 17:35";CET;34535784;28977.96;0.0008;03/08/2026
"EUTELSAT COMMUNIC.";FR0010221234;ETL;"Euronext Paris";EUR;2.098;2.121;2.043;2.121;"03/08/2026 17:38";CET;1846010;3865295.66;2.121;03/08/2026
EVERGREEN;FR0000035784;EGR;"Euronext Paris";EUR;0.06;0.062;0.057;0.058;"03/08/2026 17:35";CET;7886;468.06;0.058;03/08/2026
"EXACOMPTA CLAIREF.";FR0000064164;ALEXA;"Euronext Growth Paris";EUR;166.00;166.00;166.00;166.00;"30/07/2026 11:32";CET;7;1162.00;166.00;03/08/2026
"EXAIL TECHNOLOGIES";FR0000062671;EXA;"Euronext Paris";EUR;124.90;125.10;124.60;124.90;"03/08/2026 17:35";CET;40401;5043270.50;124.90;03/08/2026
"EXEL INDUSTRIES";FR0004527638;EXE;"Euronext Paris";EUR;19.70;20.00;19.30;19.90;"03/08/2026 17:28";CET;2132;41816.80;19.90;03/08/2026
EXOSENS;FR001400Q9V2;EXENS;"Euronext Paris";EUR;58.20;59.65;57.65;59.30;"03/08/2026 17:35";CET;86724;5121020.71;59.30;03/08/2026
"EXPLOSIFS PROD.CHI";FR0014003AQ4;EXPL;"Euronext Paris";EUR;265.00;277.00;265.00;273.00;"03/08/2026 17:36";CET;406;109272.00;273.00;03/08/2026
"EXXITA BE CIRCULAR";ES0106046008;MLEXX;"Euronext Access Paris";EUR;-;-;-;290.50;"14/07/2026 00:00";CET;-;-;290.50;03/08/2026
"EXXITA BE CIRCULAR";ES0106046016;MLEXP;"Euronext Access Paris";EUR;-;-;-;-;-;CET;-;-;-;-
FACEPHI;ES0105029005;ALPHI;"Euronext Growth Paris";EUR;1.795;1.795;1.795;1.795;"03/08/2026 09:00";CET;1;1.80;1.795;03/08/2026
"FAIFEY INVEST";ES0105553004;MLECE;"Euronext Access Paris";EUR;19.80;19.80;19.80;19.80;"29/07/2021 00:00";CET;-;-;19.20;03/08/2026
FD;FR0012300424;MLFDV;"Euronext Access Paris";EUR;0.42;0.42;0.42;0.42;"03/08/2026 16:30";CET;2;0.84;0.42;03/08/2026
"FDJ UNITED";FR0013451333;FDJU;"Euronext Paris";EUR;21.90;22.43;21.90;22.39;"03/08/2026 17:35";CET;678186;15145847.24;22.39;03/08/2026
FERM.CAS.MUN.CANNE;FR0000062101;FCMC;"Euronext Paris";EUR;2860.00;2920.00;2860.00;2920.00;"03/08/2026 16:30";CET;7;20320.00;2920.00;03/08/2026
FERMENTALG;FR0011271600;ALGAE;"Euronext Growth Paris";EUR;0.4605;0.48;0.4605;0.461;"03/08/2026 17:35";CET;38714;18142.30;0.461;03/08/2026
"FIDUCIAL OFF.SOL.";FR0000061418;SACI;"Euronext Paris";EUR;35.40;35.40;35.40;35.40;"03/08/2026 16:30";CET;2;70.80;35.40;03/08/2026
"FIDUCIAL REAL EST.";FR0000060535;ORIA;"Euronext Paris";EUR;173.00;174.00;173.00;174.00;"03/08/2026 17:06";CET;51;8873.00;174.00;03/08/2026
"FIGEAC AERO";FR0011665280;FGA;"Euronext Paris";EUR;10.94;11.20;10.90;11.10;"03/08/2026 17:35";CET;22966;254501.14;11.10;03/08/2026
"FILL UP MEDIA";FR001400AEM6;ALFUM;"Euronext Growth Paris";EUR;6.14;6.18;5.98;6.18;"03/08/2026 16:59";CET;2132;12967.54;6.18;03/08/2026
"FIN.OUEST AFRICAIN";SN0000033192;FOAF;"Euronext Paris";EUR;13.40;13.40;13.40;13.40;"31/07/2026 16:30";CET;35;469.00;13.40;03/08/2026
"FINANCIERE MARJOS";FR0000060824;FINM;"Euronext Paris";EUR;1.56;1.56;1.56;1.56;"03/08/2026 12:44";CET;930;1450.80;1.56;03/08/2026
FINAXO;FR0010487272;MLFXO;"Euronext Access Paris";EUR;4.70;4.70;4.70;4.70;"30/07/2026 16:30";CET;5;23.50;4.70;03/08/2026
FIPP;FR0000038184;FIPP;"Euronext Paris";EUR;0.169;0.169;0.151;0.151;"03/08/2026 15:16";CET;3450;550.98;0.151;03/08/2026
FIRSTCAUTION;CH0120879058;MLFIR;"Euronext Access Paris";EUR;32.00;32.00;32.00;32.00;"10/06/2026 11:30";CET;29;928.00;31.60;03/08/2026
"FLEURY MICHON";FR0000074759;ALFLE;"Euronext Growth Paris";EUR;21.80;22.00;21.80;22.00;"03/08/2026 17:10";CET;581;12779.80;22.00;03/08/2026
FLORENTAISE;FR001400GO75;ALFLO;"Euronext Growth Paris";EUR;0.76;0.76;0.76;0.76;"03/08/2026 15:38";CET;2302;1749.52;0.76;03/08/2026
"FNAC DARTY";FR0011476928;FNAC;"Euronext Paris";EUR;34.55;34.60;34.55;34.55;"03/08/2026 17:35";CET;14909;515606.65;34.55;03/08/2026
FNPTECHNOLOGIESSA;FR0013230067;MLFNP;"Euronext Access Paris";EUR;0.06;0.06;0.06;0.06;"23/04/2026 16:30";CET;80000;4800.00;0.06;03/08/2026
"FONCIERE 7 INVEST";FR0000065930;LEBL;"Euronext Paris";EUR;0.40;0.40;0.40;0.40;"31/07/2026 11:30";CET;63;25.20;0.40;03/08/2026
"FONCIERE INEA";FR0010341032;INEA;"Euronext Paris";EUR;33.20;33.20;33.10;33.20;"03/08/2026 17:35";CET;143;4746.80;33.20;03/08/2026
"FONCIERE VINDI";FR0011605617;MLVIN;"Euronext Access Paris";EUR;4.56;4.56;4.56;4.56;"18/06/2026 11:30";CET;50;228.00;4.56;03/08/2026
"FONCIERE VOLTA";FR0000053944;SPEL;"Euronext Paris";EUR;8.30;8.30;8.30;8.30;"31/07/2026 16:30";CET;13;107.90;8.30;03/08/2026
"FORESTIERE EQUAT.";CI0000053161;FORE;"Euronext Paris";EUR;880.00;880.00;880.00;880.00;"27/07/2026 11:30";CET;1;880.00;880.00;03/08/2026
"FORSEE POWER";FR0014005SB3;ALFOR;"Euronext Growth Paris";EUR;0.248;0.248;0.235;0.235;"03/08/2026 17:35";CET;26874;6452.93;0.235;03/08/2026
FORVIA;FR0000121147;FRVIA;"Euronext Paris";EUR;9.15;9.788;9.092;9.584;"03/08/2026 17:35";CET;1528311;14670610.94;9.584;03/08/2026
"FOUNTAINE PAJOT";FR0010485268;ALFPC;"Euronext Growth Paris";EUR;87.50;87.50;85.50;86.20;"03/08/2026 17:35";CET;2129;184384.70;86.20;03/08/2026
"FRANCAISE ENERGIE";FR0013030152;FDE;"Euronext Paris";EUR;29.30;29.55;28.20;29.25;"03/08/2026 17:35";CET;14913;431879.75;29.25;03/08/2026
"FRANCE TOURISME";FR0010823724;MLFTI;"Euronext Access Paris";EUR;0.15;0.15;0.15;0.15;"03/08/2026 16:30";CET;1112;166.80;0.15;03/08/2026
FREELANCE.COM;FR0004187367;ALFRE;"Euronext Growth Paris";EUR;2.63;2.63;2.57;2.60;"03/08/2026 17:29";CET;896;2344.54;2.60;03/08/2026
FREY;FR0010588079;FREY;"Euronext Paris";EUR;35.20;35.20;35.20;35.20;"03/08/2026 11:30";CET;8;281.60;35.20;03/08/2026
FSDV;FR0000031973;FSDV;"Euronext Paris";EUR;18.30;18.30;18.30;18.30;"03/08/2026 11:50";CET;289;5288.70;18.30;03/08/2026
G.A.I.;FR0000053415;MLGAI;"Euronext Access Paris";EUR;137.00;137.00;137.00;137.00;"15/07/2026 11:35";CET;11;1507.00;137.00;03/08/2026
GALEO;FR0011100759;MLGAL;"Euronext Access Paris";EUR;7.05;7.05;7.05;7.05;"27/07/2026 16:30";CET;127;895.35;7.05;03/08/2026
GASCOGNE;FR0000124414;ALBI;"Euronext Growth Paris";EUR;2.10;2.10;2.10;2.10;"03/08/2026 15:04";CET;10;21.00;2.10;03/08/2026
GAUMONT;FR0000034894;GAM;"Euronext Paris";EUR;101.00;103.00;101.00;103.00;"31/07/2026 17:35";CET;124;12632.00;103.00;03/08/2026
"GEA GRENOBL.ELECT.";FR0000053035;GEA;"Euronext Paris";EUR;75.00;76.50;73.50;73.50;"03/08/2026 16:38";CET;426;31842.00;73.50;03/08/2026
"GECI INTL";FR001400M1R1;ALGEC;"Euronext Growth Paris";EUR;1.62;1.74;1.62;1.74;"03/08/2026 17:00";CET;606;1038.48;1.74;03/08/2026
GECINA;FR0010040865;GFC;"Euronext Paris";EUR;75.20;75.85;75.20;75.65;"03/08/2026 17:35";CET;163381;12351765.90;75.65;03/08/2026
GENESIS;ES0105807004;MLGNS;"Euronext Access Paris";EUR;1.58;1.58;1.58;1.58;"20/12/2024 00:00";CET;-;-;1.58;03/08/2026
GENFIT;FR0004163111;GNFT;"Euronext Paris";EUR;15.00;15.20;13.76;14.04;"03/08/2026 17:35";CET;614321;8716451.65;14.04;03/08/2026
GENOWAY;FR0004053510;ALGEN;"Euronext Growth Paris";EUR;2.40;2.48;2.40;2.48;"03/08/2026 17:35";CET;5561;13416.16;2.48;03/08/2026
"GENSIGHT BIOLOGICS";FR0013183985;SIGHT;"Euronext Paris";EUR;0.0821;0.084;0.0821;0.084;"03/08/2026 17:35";CET;1073838;89393.30;0.084;03/08/2026
"GENSIGHT BSA";FR0014010IB4;SIGBS;"Euronext Growth Paris";EUR;-;-;-;-;-;CET;-;-;-;-
"GENTLEMENS EQUITY";PTGVE1AM0017;MLGEQ;"Euronext Access Paris";EUR;0.252;0.252;0.252;0.252;"29/07/2026 11:30";CET;563;141.88;0.252;03/08/2026
"GETLINK SE";FR0010533075;GET;"Euronext Paris";EUR;18.53;18.57;18.43;18.49;"03/08/2026 17:35";CET;1127114;20840830.06;18.49;03/08/2026
GEVELOT;FR0000033888;ALGEV;"Euronext Growth Paris";EUR;197.00;197.00;197.00;197.00;"31/07/2026 16:30";CET;12;2364.00;197.00;03/08/2026
"GL EVENTS";FR0000066672;GLO;"Euronext Paris";EUR;31.45;31.85;30.95;31.15;"03/08/2026 17:35";CET;11708;366151.26;31.15;03/08/2026
"GLASS TO POWER";IT0005613739;MLGL;"Euronext Access Paris";EUR;-;-;-;-;-;CET;-;-;-;-
"GLOBAL PIELAGO";ES0105537007;MLNDG;"Euronext Access Paris";EUR;4.92;4.92;4.92;4.92;"16/04/2021 00:00";CET;-;-;4.92;03/08/2026
"GOLD BY GOLD";FR0011208693;ALGLD;"Euronext Growth Paris";EUR;4.95;4.95;4.86;4.90;"03/08/2026 17:28";CET;2657;13033.13;4.90;03/08/2026
"GPE GROUP PIZZORNO";FR0010214064;GPE;"Euronext Paris";EUR;61.80;62.00;61.80;61.80;"03/08/2026 17:02";CET;99;6125.40;61.80;03/08/2026
"GRAINES VOLTZ";FR0000065971;GRVO;"Euronext Paris";EUR;17.50;17.65;17.40;17.65;"03/08/2026 13:33";CET;511;8918.35;17.65;03/08/2026
GROLLEAU;FR0014005ZM5;ALGRO;"Euronext Growth Paris";EUR;3.88;3.88;3.52;3.68;"03/08/2026 17:22";CET;4649;16885.40;3.68;03/08/2026
"GROUPE CARNIVOR";FR0000076960;MLGRC;"Euronext Access Paris";EUR;27.60;27.60;27.60;27.60;"24/07/2026 16:30";CET;9;248.40;27.60;03/08/2026
"GROUPE CRIT";FR0000036675;CEN;"Euronext Paris";EUR;53.80;53.80;51.20;51.80;"03/08/2026 17:35";CET;2223;116234.00;51.80;03/08/2026
"GROUPE GUILLIN";FR0012819381;ALGIL;"Euronext Growth Paris";EUR;22.30;22.40;22.30;22.40;"03/08/2026 17:35";CET;816;18222.70;22.40;03/08/2026
"GROUPE JAJ";FR0004010338;GJAJ;"Euronext Paris";EUR;1.16;1.16;1.16;1.16;"03/08/2026 11:30";CET;180;208.80;1.16;03/08/2026
"GROUPE LDLC";FR0000075442;ALLDL;"Euronext Growth Paris";EUR;12.04;12.12;12.04;12.12;"03/08/2026 17:35";CET;3210;38773.02;12.12;03/08/2026
"GROUPE OKWIND";FR0013439627;ALOKW;"Euronext Growth Paris";EUR;0.23;0.253;0.22;0.253;"03/08/2026 16:53";CET;54464;12733.85;0.253;03/08/2026
"GROUPE PARTOUCHE";FR0012612646;PARP;"Euronext Paris";EUR;18.00;18.00;17.20;17.75;"03/08/2026 17:35";CET;3437;60658.80;17.75;03/08/2026
"GROUPE SFPI";FR0004155000;SFPI;"Euronext Paris";EUR;2.08;2.10;2.05;2.06;"03/08/2026 17:35";CET;6374;13215.51;2.06;03/08/2026
"GROUPE TERA";FR0013429404;ALGTR;"Euronext Growth Paris";EUR;5.70;5.70;5.60;5.60;"03/08/2026 17:35";CET;3069;17399.80;5.60;03/08/2026
GROUPIMO;FR0014000RP6;ALIMO;"Euronext Growth Paris";EUR;0.30;0.30;0.30;0.30;"27/07/2026 11:30";CET;500;150.00;0.30;03/08/2026
GTT;FR0011726835;GTT;"Euronext Paris";EUR;197.40;198.40;194.50;197.30;"03/08/2026 17:35";CET;101561;20006250.75;197.30;03/08/2026
GUERBET;FR0000032526;GBT;"Euronext Paris";EUR;8.05;8.05;7.90;8.00;"03/08/2026 17:35";CET;7280;58113.29;8.00;03/08/2026
GUILLEMOT;FR0000066722;GUI;"Euronext Paris";EUR;4.24;4.24;4.20;4.20;"03/08/2026 14:01";CET;1485;6257.76;4.20;03/08/2026
"HAFFNER ENERGY";FR0014007ND6;ALHAF;"Euronext Growth Paris";EUR;0.336;0.4465;0.3295;0.441;"03/08/2026 17:35";CET;14126866;5551512.12;0.441;03/08/2026
"HAFFNER ENERGY BSA";FR001400Y4X9;HAFBS;"Euronext Growth Paris";EUR;0.035;0.055;0.0325;0.047;"03/08/2026 17:25";CET;629516;27925.71;0.047;03/08/2026
"HAMILTON GLOBAL OP";GB00BMDXQ672;ALHGO;"Euronext Growth Paris";EUR;42.00;42.00;41.60;41.60;"27/07/2026 12:14";CET;6;251.60;41.60;03/08/2026
"HAULOTTE GROUP";FR0000066755;PIG;"Euronext Paris";EUR;2.22;2.43;2.20;2.40;"03/08/2026 17:35";CET;50722;116072.47;2.40;03/08/2026
"HAY 2 SOCIMI";ES0106042007;MLHA2;"Euronext Access Paris";EUR;-;-;-;-;-;CET;-;-;-;-
HDF;FR0014003VY4;HDF;"Euronext Paris";EUR;2.42;2.475;2.415;2.475;"03/08/2026 17:35";CET;7904;19279.21;2.475;03/08/2026
"HEALTHCARE ACTIVOS";ES0105498002;MLHAY;"Euronext Access Paris";EUR;1.28141;1.28141;1.28141;1.28141;"30/09/2020 00:00";CET;-;-;1.40;03/08/2026
HERIGE;FR0000066540;ALHRG;"Euronext Growth Paris";EUR;21.20;21.20;20.60;21.10;"03/08/2026 17:35";CET;822;17261.90;21.10;03/08/2026
"HERMES INTL";FR0000052292;RMS;"Euronext Paris";EUR;1531.50;1594.00;1531.50;1560.50;"03/08/2026 17:38";CET;84774;132966169.75;1560.50;03/08/2026
HEXAOM;FR0004159473;ALHEX;"Euronext Growth Paris";EUR;25.80;26.50;25.80;26.50;"03/08/2026 17:35";CET;6424;168575.80;26.50;03/08/2026
"HF COMPANY";FR0000038531;ALHF;"Euronext Growth Paris";EUR;4.16;4.18;4.16;4.17;"03/08/2026 17:29";CET;564;2350.68;4.17;03/08/2026
"HIGH CO";FR0000054231;HCO;"Euronext Paris";EUR;3.685;3.75;3.68;3.74;"03/08/2026 17:37";CET;14337;53366.15;3.74;03/08/2026
"HIPAY GROUP";FR0012821916;ALHYP;"Euronext Growth Paris";EUR;5.50;5.50;5.20;5.40;"03/08/2026 17:37";CET;4358;23267.06;5.40;03/08/2026
HITECHPROS;FR0010396309;ALHIT;"Euronext Growth Paris";EUR;13.10;13.70;13.10;13.70;"03/08/2026 16:30";CET;89;1213.30;13.70;03/08/2026
HK;DE000A11Q133;MLHK;"Euronext Access Paris";EUR;34.20;34.20;34.20;34.20;"03/08/2026 13:18";CET;601;20554.20;34.20;03/08/2026
"HOCHE BAINS L.BAIN";FR0000051302;MLHBB;"Euronext Access Paris";EUR;62.00;62.00;62.00;62.00;"20/07/2026 14:08";CET;13;806.00;62.00;03/08/2026
HOFFMANN;FR0013451044;ALHGR;"Euronext Growth Paris";EUR;4.13;4.13;4.065;4.08;"03/08/2026 17:35";CET;4903;20064.84;4.08;03/08/2026
"HOME CONCEPT";FR0012336691;MLHCF;"Euronext Access Paris";EUR;16.40;16.40;16.40;16.40;"06/11/2025 11:35";CET;10;164.00;16.40;03/08/2026
HOPENING;FR0010312181;MLHPE;"Euronext Access Paris";EUR;4.30;4.30;4.30;4.30;"03/08/2026 16:30";CET;318;1367.40;4.30;03/08/2026
HOPIUM;FR0014010QE1;ALHPI;"Euronext Growth Paris";EUR;0.0045;0.0045;0.0042;0.0043;"03/08/2026 17:38";CET;5266472;22888.10;0.0043;03/08/2026
"HOPSCOTCH GROUPE";FR0000065278;ALHOP;"Euronext Growth Paris";EUR;14.90;15.00;14.85;15.00;"03/08/2026 15:51";CET;619;9243.30;15.00;03/08/2026
"HOTELES BESTPRICE";ES0105664009;MLHBP;"Euronext Access Paris";EUR;3.90;3.90;3.90;3.90;"17/06/2026 11:30";CET;7;27.30;3.90;03/08/2026
HOTELIM;FR0000053738;MLHOT;"Euronext Access Paris";EUR;55.00;55.00;55.00;55.00;"03/08/2026 16:32";CET;416;22880.00;55.00;03/08/2026
"HOTELS DE PARIS";FR0004165801;HDP;"Euronext Paris";EUR;1.81;1.81;1.81;1.81;"03/08/2026 16:30";CET;210;380.10;1.81;03/08/2026
HOTL.IMMOB.NICE;FR0006563904;MLHIN;"Euronext Access Paris";EUR;282.00;282.00;282.00;282.00;"28/07/2026 11:30";CET;2;564.00;282.00;03/08/2026
HUNYVERS;FR0014007LQ2;ALHUN;"Euronext Growth Paris";EUR;6.95;6.95;6.95;6.95;"03/08/2026 10:29";CET;106;736.70;6.95;03/08/2026
HYDRAULIQUEHOLDING;FR0000064735;MLHYD;"Euronext Access Paris";EUR;760.00;760.00;760.00;760.00;"12/03/2026 17:23";CET;1;760.00;760.00;03/08/2026
HYDRO-EXPLOIT.;FR0005843125;MLHYE;"Euronext Access Paris";EUR;102.00;102.00;102.00;102.00;"11/06/2026 11:45";CET;16;1632.00;102.00;03/08/2026
"HYDROGEN REFUELING";FR0014001PM5;ALHRS;"Euronext Growth Paris";EUR;1.13;1.20;1.13;1.17;"03/08/2026 17:35";CET;62938;72685.93;1.17;03/08/2026
I2S;FR0005854700;ALI2S;"Euronext Growth Paris";EUR;6.05;6.05;6.05;6.05;"03/08/2026 11:30";CET;45;272.25;6.05;03/08/2026
"IANTE INVESTMENTS";ES0105479002;MLINT;"Euronext Access Paris";EUR;4.62;4.62;4.62;4.62;"20/05/2022 16:30";CET;700;3234.00;4.58;03/08/2026
ICADE;FR0000035081;ICAD;"Euronext Paris";EUR;19.39;19.84;19.39;19.60;"03/08/2026 17:35";CET;175934;3450034.56;19.60;03/08/2026
"ICAPE HOLDING";FR001400A3Q3;ALICA;"Euronext Growth Paris";EUR;8.26;8.26;8.10;8.26;"03/08/2026 17:35";CET;1779;14547.78;8.26;03/08/2026
"ID LOGISTICS GROUP";FR0010929125;IDL;"Euronext Paris";EUR;362.00;364.00;355.50;356.50;"03/08/2026 17:35";CET;2702;968055.50;356.50;03/08/2026
IDI;FR0000051393;IDIP;"Euronext Paris";EUR;72.00;72.00;71.00;71.40;"03/08/2026 17:35";CET;270;19313.60;71.40;03/08/2026
IDS;FR0000079691;MLIDS;"Euronext Access Paris";EUR;0.44;0.50;0.44;0.50;"20/07/2026 16:30";CET;1750;830.00;0.50;03/08/2026
"IEVA GROUP";FR0014015ND9;ALIEV;"Euronext Growth Paris";EUR;9.72;9.72;9.50;9.60;"03/08/2026 17:35";CET;1119;10816.42;9.60;03/08/2026
"IGIS NEPTUNE";ES0105551008;MLABC;"Euronext Access Paris";EUR;11.43;11.43;11.43;11.43;"31/08/2021 00:00";CET;-;-;9.80;03/08/2026
IKONISYS;FR00140048X2;ALIKO;"Euronext Growth Paris";EUR;1.54;1.54;1.49;1.50;"12/06/2026 17:10";CET;3012;4545.70;1.50;03/08/2026
IMALLIANCE;FR0010086371;MLIML;"Euronext Access Paris";EUR;0.25;0.25;0.25;0.25;"31/07/2026 16:30";CET;220;55.00;0.25;03/08/2026
"IMEON ENERGY";FR001400QW73;MLIME;"Euronext Access Paris";EUR;-;-;-;-;-;CET;-;-;-;-
IMERYS;FR0000120859;NK;"Euronext Paris";EUR;23.54;24.06;23.54;24.00;"03/08/2026 17:35";CET;48151;1151759.36;24.00;03/08/2026
IMM.PARIS.PERLE;FR0006859039;MLIPP;"Euronext Access Paris";EUR;161.00;161.00;161.00;161.00;"26/03/2026 11:30";CET;1;161.00;161.00;03/08/2026
IMMERSION;FR0013060100;ALIMR;"Euronext Growth Paris";EUR;2.10;2.30;2.10;2.30;"30/07/2026 16:30";CET;261;552.30;2.30;03/08/2026
IMMOB.DASSAULT;FR0000033243;IMDA;"Euronext Paris";EUR;46.80;47.20;46.80;47.00;"03/08/2026 17:14";CET;402;18855.30;47.00;03/08/2026
IMPLANET;FR0013470168;ALIMP;"Euronext Growth Paris";EUR;0.165;0.17;0.165;0.17;"03/08/2026 16:54";CET;40089;6782.68;0.17;03/08/2026
"IMPRIMERIE CHIRAT";FR0000065773;MLIMP;"Euronext Access Paris";EUR;3.50;3.50;3.50;3.50;"03/08/2026 14:12";CET;5;17.50;3.50;03/08/2026
"IMPULSE FITNESS";ES0105590006;MLIFS;"Euronext Access Paris";EUR;7.00;7.00;7.00;7.00;"18/02/2026 16:30";CET;50;350.00;7.00;03/08/2026
INFOCLIP;FR0011158823;MLIFC;"Euronext Access Paris";EUR;22.14;22.14;22.14;22.14;"31/07/2026 11:30";CET;248;5490.72;22.14;03/08/2026
INFOTEL;FR0000071797;INF;"Euronext Paris";EUR;41.80;41.80;41.00;41.25;"03/08/2026 17:35";CET;2155;88900.40;41.25;03/08/2026
INMARK;ES0105511002;MLINM;"Euronext Access Paris";EUR;17.90;17.90;17.90;17.90;"08/04/2021 00:00";CET;-;-;17.70;03/08/2026
INMOLECULE;ES0105908000;MLINA;"Euronext Access Paris";EUR;4.08;4.08;4.08;4.08;"22/06/2026 14:19";CET;100;408.00;4.08;03/08/2026
INMOSUPA;ES0105473005;MLISP;"Euronext Access Paris";EUR;1.62;1.62;1.62;1.62;"06/04/2020 00:00";CET;-;-;1.48;03/08/2026
"INNATE PHARMA";FR0010331421;IPH;"Euronext Paris";EUR;1.558;1.558;1.522;1.528;"03/08/2026 17:35";CET;84761;130010.60;1.528;03/08/2026
"INNELEC MULTIMEDIA";FR0000064297;ALINN;"Euronext Growth Paris";EUR;2.73;2.75;2.73;2.75;"03/08/2026 17:07";CET;296;808.94;2.75;03/08/2026
"INNOVATIVE RFK SPA";IT0005391161;MLIRF;"Euronext Access Paris";EUR;1.90;1.90;1.90;1.90;"22/07/2026 11:30";CET;1000;1900.00;1.90;03/08/2026
INSTALLUX;FR0000060451;ALLUX;"Euronext Growth Paris";EUR;492.00;492.00;492.00;492.00;"31/07/2026 11:30";CET;18;8856.00;492.00;03/08/2026
INTEGRAGEN;FR0010908723;ALINT;"Euronext Growth Paris";EUR;0.186;0.201;0.172;0.199;"03/08/2026 17:35";CET;89637;16694.18;0.199;03/08/2026
"INTEGRITAS VIAGER";FR0014003FN0;MLVIE;"Euronext Access Paris";EUR;115.00;115.00;115.00;115.00;"14/08/2023 11:30";CET;2;230.00;115.00;03/08/2026
INTERPARFUMS;FR0004024222;ITP;"Euronext Paris";EUR;24.64;25.02;24.56;24.76;"03/08/2026 17:35";CET;53154;1314327.12;24.76;03/08/2026
INTEXA;FR0000064958;ITXT;"Euronext Paris";EUR;2.50;2.50;2.50;2.50;"06/02/2026 16:30";CET;116;290.00;2.50;03/08/2026
INTRASENSE;FR0011179886;ALINS;"Euronext Growth Paris";EUR;0.221;0.226;0.217;0.217;"03/08/2026 17:35";CET;13756;3000.22;0.217;03/08/2026
INVENTIVA;FR0013233012;IVA;"Euronext Paris";EUR;3.84;3.85;3.685;3.79;"03/08/2026 17:35";CET;518486;1953287.49;3.79;03/08/2026
"INVIBES ADVERTSING";BE0974299316;ALINV;"Euronext Growth Paris";EUR;0.76;0.83;0.75;0.81;"03/08/2026 16:40";CET;7698;6176.87;0.81;03/08/2026
"IPOSA PROPERTIES";ES0105417002;MLIPO;"Euronext Access Paris";EUR;18.74;18.74;18.74;18.74;"05/08/2019 00:00";CET;-;-;18.60;03/08/2026
IPSEN;FR0010259150;IPN;"Euronext Paris";EUR;164.90;165.20;153.10;153.10;"03/08/2026 17:35";CET;150980;23381063.15;153.10;03/08/2026
IPSOS;FR0000073298;IPS;"Euronext Paris";EUR;36.18;38.16;36.06;38.16;"03/08/2026 17:35";CET;268035;10030709.31;38.16;03/08/2026
ISPD;ES0109429037;ALISP;"Euronext Growth Paris";EUR;1.745;1.755;1.715;1.715;"03/08/2026 15:39";CET;464;803.00;1.715;03/08/2026
"IT LINK";FR0000072597;ALITL;"Euronext Growth Paris";EUR;16.60;16.80;16.60;16.80;"03/08/2026 17:16";CET;1287;21455.45;16.80;03/08/2026
"ITALY INNOVAZIONI";IT0005336521;MLITN;"Euronext Access Paris";EUR;8.05;8.05;8.05;8.05;"22/01/2026 11:30";CET;1;8.05;8.05;03/08/2026
"JACQUES BOGART";FR0012872141;JBOG;"Euronext Paris";EUR;2.46;2.51;2.46;2.50;"03/08/2026 17:09";CET;6460;16155.94;2.50;03/08/2026
"JACQUET METALS";FR0000033904;JCQ;"Euronext Paris";EUR;21.00;21.70;21.00;21.70;"03/08/2026 17:35";CET;1697;36119.35;21.70;03/08/2026
JCDECAUX;FR0000077919;DEC;"Euronext Paris";EUR;22.78;24.26;22.70;24.26;"03/08/2026 17:35";CET;343383;8271977.28;24.26;03/08/2026
KALEON;IT0005678104;ALKLN;"Euronext Growth Paris";EUR;3.95;4.00;3.905;4.00;"03/08/2026 16:36";CET;928;3644.94;4.00;03/08/2026
KALRAY;FR0010722819;ALKAL;"Euronext Growth Paris";EUR;7.20;7.30;6.70;6.80;"03/08/2026 17:35";CET;185509;1277155.36;6.80;03/08/2026
"KAUFMAN ET BROAD";FR0004007813;KOF;"Euronext Paris";EUR;25.45;25.70;25.40;25.50;"03/08/2026 17:35";CET;30050;766531.65;25.50;03/08/2026
KERING;FR0000121485;KER;"Euronext Paris";EUR;283.70;292.20;283.65;288.40;"03/08/2026 17:35";CET;305312;88074120.53;288.40;03/08/2026
KERLINK;FR0013156007;ALKLK;"Euronext Growth Paris";EUR;1.075;1.075;1.02;1.06;"03/08/2026 17:28";CET;14711;15457.87;1.06;03/08/2026
KEYRUS;FR0004029411;ALKEY;"Euronext Growth Paris";EUR;7.64;7.64;7.60;7.60;"03/08/2026 17:35";CET;26;197.64;7.60;03/08/2026
"KKO INTERNATIONAL";FR0013374667;ALKKO;"Euronext Growth Paris";EUR;0.0612;0.0612;0.0578;0.0578;"03/08/2026 17:35";CET;148628;8813.95;0.0578;03/08/2026
KLARSEN;FR0011038348;ALKLA;"Euronext Growth Paris";EUR;0.66;0.686;0.60;0.60;"03/08/2026 17:29";CET;3657;2350.47;0.60;03/08/2026
"KLARSEN BSA O";FR0014013TD1;KLBSO;"Euronext Growth Paris";EUR;0.22;0.22;0.22;0.22;"08/04/2026 14:19";CET;30;6.60;0.22;03/08/2026
"KLEA HOLDING";FR0013481835;ALKLH;"Euronext Growth Paris";EUR;0.1554;0.16;0.1554;0.1578;"03/08/2026 17:35";CET;156872;24824.57;0.1578;03/08/2026
KLEPIERRE;FR0000121964;LI;"Euronext Paris";EUR;39.20;39.78;39.20;39.62;"03/08/2026 17:35";CET;512327;20277894.43;39.62;03/08/2026
KOMPUESTOS;ES0105425005;ALKOM;"Euronext Growth Paris";EUR;0.795;0.795;0.795;0.795;"03/08/2026 09:00";CET;1;0.80;0.795;03/08/2026
"KUMULUS VAPE";FR0013419876;ALVAP;"Euronext Growth Paris";EUR;2.65;2.90;2.62;2.90;"03/08/2026 12:29";CET;515;1400.72;2.90;03/08/2026
L'OREAL;FR0000120321;OR;"Euronext Paris";EUR;384.35;395.30;384.35;389.75;"03/08/2026 17:35";CET;331751;129452278.98;389.75;03/08/2026
"LABO EUROMEDIS";FR0000075343;ALEMG;"Euronext Growth Paris";EUR;5.25;5.25;5.00;5.00;"03/08/2026 16:07";CET;385;1938.75;5.00;03/08/2026
"LACROIX GROUP";FR0000066607;LACR;"Euronext Paris";EUR;18.35;18.35;18.00;18.20;"03/08/2026 17:35";CET;2261;40939.75;18.20;03/08/2026
"LAGARDERE SA";FR0000130213;MMB;"Euronext Paris";EUR;17.98;18.56;17.98;18.30;"03/08/2026 17:35";CET;25954;475744.78;18.30;03/08/2026
LANSON-BCC;FR0004027068;ALLAN;"Euronext Growth Paris";EUR;26.80;26.80;26.80;26.80;"03/08/2026 17:35";CET;453;12140.40;26.80;03/08/2026
LARGO;FR0013308582;ALLGO;"Euronext Growth Paris";EUR;1.39;1.395;1.35;1.395;"03/08/2026 15:31";CET;1618;2202.09;1.395;03/08/2026
LATECOERE;FR001400JY13;LAT;"Euronext Paris";EUR;0.015;0.015;0.0148;0.0149;"03/08/2026 17:35";CET;1291947;19295.30;0.0149;03/08/2026
LAURENT-PERRIER;FR0006864484;LPE;"Euronext Paris";EUR;86.00;86.00;85.40;85.40;"03/08/2026 17:35";CET;1125;96328.00;85.40;03/08/2026
LDC;FR001400SF56;LOUP;"Euronext Paris";EUR;114.00;115.80;112.20;112.80;"03/08/2026 17:35";CET;4580;519947.40;112.80;03/08/2026
"LE SLIP FRANCAIS";FR0014018Y10;ALLSF;"Euronext Growth Paris";EUR;15.00;15.00;14.60;14.60;"03/08/2026 17:36";CET;2126;31469.83;14.60;03/08/2026
LEBON;FR0000121295;ALBON;"Euronext Growth Paris";EUR;97.00;97.80;97.00;97.60;"03/08/2026 14:47";CET;54;5240.00;97.60;03/08/2026
LECTRA;FR0000065484;LSS;"Euronext Paris";EUR;20.50;21.90;20.50;21.45;"03/08/2026 17:35";CET;56311;1207118.35;21.45;03/08/2026
LEGRAND;FR0010307819;LR;"Euronext Paris";EUR;133.70;135.05;130.80;134.50;"03/08/2026 17:35";CET;570884;76332095.15;134.50;03/08/2026
LEPERMISLIBRE;FR001400F2Z1;ALLPL;"Euronext Growth Paris";EUR;0.0654;0.07;0.0654;0.07;"03/08/2026 16:57";CET;222;14.65;0.07;03/08/2026
"LES HOTELS BAVEREZ";FR0007080254;ALLHB;"Euronext Growth Paris";EUR;75.00;75.00;75.00;75.00;"03/08/2026 16:30";CET;1;75.00;75.00;03/08/2026
"LEXIBOOK LINGUIST.";FR0000033599;ALLEX;"Euronext Growth Paris";EUR;8.00;8.04;8.00;8.04;"03/08/2026 15:57";CET;168;1350.68;8.04;03/08/2026
LHYFE;FR0014009YQ1;LHYFE;"Euronext Paris";EUR;2.045;2.11;2.045;2.05;"03/08/2026 17:36";CET;36649;75846.29;2.05;03/08/2026
LIGHTON;FR0013230950;ALTAI;"Euronext Growth Paris";EUR;3.84;4.11;3.80;3.965;"03/08/2026 17:35";CET;43481;171974.48;3.965;03/08/2026
"LINEDATA SERVICES";FR0004156297;LIN;"Euronext Paris";EUR;44.00;44.00;43.70;43.80;"03/08/2026 17:35";CET;105;4595.10;43.80;03/08/2026
LISI;FR0000050353;FII;"Euronext Paris";EUR;63.90;65.40;63.30;64.20;"03/08/2026 17:35";CET;24107;1546654.50;64.20;03/08/2026
LLEIDA;ES0105089009;ALLLN;"Euronext Growth Paris";EUR;1.25;1.37;1.24;1.37;"03/08/2026 17:29";CET;12172;15905.40;1.37;03/08/2026
"LNA SANTE";FR0004170017;LNA;"Euronext Paris";EUR;34.70;35.00;34.60;34.90;"03/08/2026 17:35";CET;2459;85586.10;34.90;03/08/2026
"LOCASYSTEM INTL";FR0004155208;MLLOI;"Euronext Access Paris";EUR;12.00;12.00;12.00;12.00;"03/08/2026 11:30";CET;501;6012.00;12.00;03/08/2026
"LOGIC INSTRUMENT";FR0000044943;ALLOG;"Euronext Growth Paris";EUR;1.99;2.11;1.99;2.065;"03/08/2026 17:15";CET;39851;83496.07;2.065;03/08/2026
"LOMBARD ET MEDOT";FR0006205019;MLCAC;"Euronext Access Paris";EUR;16.40;16.40;14.50;14.50;"29/07/2026 16:30";CET;105;1693.50;14.50;03/08/2026
"LOUIS HACHETTE";FR001400TL40;ALHG;"Euronext Growth Paris";EUR;1.754;1.796;1.75;1.789;"03/08/2026 17:35";CET;2448631;4355774.20;1.789;03/08/2026
LUCIBEL;FR0014013HG9;ALUCI;"Euronext Growth Paris";EUR;4.00;4.00;4.00;4.00;"03/08/2026 17:03";CET;150;600.00;4.00;03/08/2026
LUMIBIRD;FR0000038242;LBIRD;"Euronext Paris";EUR;26.65;26.90;26.10;26.65;"03/08/2026 17:35";CET;21110;560717.16;26.65;03/08/2026
LVMH;FR0000121014;MC;"Euronext Paris";EUR;474.80;496.35;474.775;486.90;"03/08/2026 17:39";CET;546862;266831700.85;486.90;03/08/2026
"MAAT PHARMA";FR0012634822;MAAT;"Euronext Paris";EUR;2.82;2.85;2.78;2.79;"03/08/2026 17:35";CET;20686;57810.07;2.79;03/08/2026
MACOMPTA.FR;FR001400NQB6;ALCPA;"Euronext Growth Paris";EUR;5.30;5.35;5.25;5.35;"03/08/2026 12:59";CET;275;1460.40;5.35;03/08/2026
MAGILLEM;FR0010827741;MLMGL;"Euronext Access Paris";EUR;2.34;2.34;2.34;2.34;"14/04/2026 16:30";CET;3;7.02;2.34;03/08/2026
"MAISON CLIO BLUE";FR0011092089;MLCLI;"Euronext Access Paris";EUR;1.98;1.98;1.98;1.98;"08/07/2026 16:30";CET;80;158.40;1.98;03/08/2026
"MAISON POMMERY";FR0000062796;POMRY;"Euronext Paris, Brussels";EUR;11.00;11.50;11.00;11.50;"03/08/2026 16:41";CET;5409;60786.90;11.50;03/08/2026
"MAISONS DU MONDE";FR0013153541;MDM;"Euronext Paris";EUR;0.1722;0.1752;0.16;0.1622;"03/08/2026 17:35";CET;26238;4421.39;0.1622;03/08/2026
"MAKING SCIENCE";ES0105463006;ALMKS;"Euronext Growth Paris";EUR;6.65;6.65;6.65;6.65;"03/08/2026 11:30";CET;1;6.65;6.65;03/08/2026
"MALTERIES FCO-BEL.";FR0000030074;MALT;"Euronext Paris";EUR;820.00;820.00;820.00;820.00;"03/08/2026 17:01";CET;6;4920.00;820.00;03/08/2026
"MANITOU BF";FR0000038606;MTU;"Euronext Paris";EUR;22.20;23.20;22.20;22.85;"03/08/2026 17:35";CET;43760;1002256.90;22.85;03/08/2026
"MAQ ADMON. URBANAS";ES0105447009;MLMAQ;"Euronext Access Paris";EUR;8.30;8.30;8.30;8.30;"27/01/2020 11:30";CET;1;8.30;8.30;03/08/2026
"MARE NOSTRUM";FR0013400835;ALMAR;"Euronext Growth Paris";EUR;0.544;0.57;0.538;0.57;"30/07/2026 12:08";CET;4676;2563.00;0.57;03/08/2026
"MAROC TELECOM";MA0000011488;IAM;"Euronext Paris";EUR;8.86;8.92;8.86;8.86;"03/08/2026 10:22";CET;10;88.66;8.86;03/08/2026
MASTRAD;FR0004155687;ALMAS;"Euronext Growth Paris";EUR;0.0022;0.0022;0.0021;0.0022;"03/08/2026 10:00";CET;345040;758.22;0.0022;03/08/2026
"MASTRAD BS29";FR0013472446;MASBS;"Euronext Growth Paris";EUR;-;-;-;-;-;CET;-;-;-;-
"MAUNA KEA BSA";FR00140140W9;MKTBS;"Euronext Growth Paris";EUR;0.055;0.055;0.0455;0.0545;"03/08/2026 15:07";CET;29038;1575.01;0.0545;03/08/2026
"MAUNA KEA TECH";FR0010609263;ALMKT;"Euronext Growth Paris";EUR;0.157;0.157;0.153;0.154;"03/08/2026 17:35";CET;205858;31940.56;0.154;03/08/2026
"MAUREL ET PROM";FR0000051070;MAU;"Euronext Paris";EUR;7.94;8.085;7.87;8.085;"03/08/2026 17:35";CET;205582;1644551.28;8.085;03/08/2026
MBWS;FR0000060873;MBWS;"Euronext Paris";EUR;2.96;2.97;2.95;2.96;"03/08/2026 17:35";CET;882;2606.46;2.96;03/08/2026
"MEDIA LAB";IT0005324105;MLLAB;"Euronext Access Paris";EUR;3.20;3.20;3.20;3.20;"24/07/2026 16:30";CET;11;35.20;3.20;03/08/2026
"MEDIAN TECH BSA";FR0014011D04;MDTBS;"Euronext Growth Paris";EUR;3.34;3.34;3.34;3.34;"03/08/2026 17:26";CET;700;2338.00;3.34;03/08/2026
MEDIANTECHNOLOGIES;FR0011049824;ALMDT;"Euronext Growth Paris";EUR;4.19;4.20;4.06;4.08;"03/08/2026 17:35";CET;109526;451689.83;4.08;03/08/2026
MEDINCELL;FR0004065605;MEDCL;"Euronext Paris";EUR;25.92;26.26;24.68;24.68;"03/08/2026 17:36";CET;92816;2350884.06;24.68;03/08/2026
"MEDITERRANEAN REIT";ES0105977005;MLMED;"Euronext Access Paris";EUR;-;-;-;1.266;"30/03/2026 00:00";CET;-;-;1.27;03/08/2026
"MEMSCAP REGPT";FR0010298620;MEMS;"Euronext Paris";EUR;4.80;4.81;4.715;4.80;"03/08/2026 17:35";CET;13625;65274.75;4.80;03/08/2026
MERCIALYS;FR0010241638;MERY;"Euronext Paris";EUR;12.00;12.04;11.92;11.94;"03/08/2026 17:35";CET;224313;2681260.18;11.94;03/08/2026
"MERIDIA RE IV";ES0105559001;MLMIV;"Euronext Access Paris";EUR;18.55;18.55;18.55;18.55;"02/07/2021 00:00";CET;-;-;16.60;03/08/2026
MERSEN;FR0000039620;MRN;"Euronext Paris";EUR;39.80;42.38;39.04;40.60;"03/08/2026 17:35";CET;89360;3617289.74;40.60;03/08/2026
METAVISIO;FR00140066X4;ALTHO;"Euronext Growth Paris";EUR;0.0011;0.0012;0.001;0.0012;"03/08/2026 17:29";CET;6403364;6723.33;0.0012;03/08/2026
METHANOR;FR0011217710;ALMET;"Euronext Growth Paris";EUR;2.40;2.40;2.40;2.40;"03/08/2026 10:06";CET;15;36.00;2.40;03/08/2026
"METRICS IN BALANCE";BE0974328602;MLMIB;"Euronext Access Paris";EUR;0.033;0.033;0.033;0.033;"15/10/2024 12:02";CET;4000;132.00;0.033;03/08/2026
"METROPOLE TV";FR0000053225;MMT;"Euronext Paris";EUR;12.18;12.18;11.92;11.92;"03/08/2026 17:35";CET;110637;1326680.72;11.92;03/08/2026
MEXEDIA;IT0005450819;ALMEX;"Euronext Growth Paris";EUR;5.00;5.00;4.50;4.51;"03/08/2026 17:35";CET;87248;403721.34;4.51;03/08/2026
"MG INTERNATIONAL";FR0010204453;ALMGI;"Euronext Growth Paris";EUR;2.44;2.70;2.44;2.70;"03/08/2026 16:30";CET;460;1175.18;2.70;03/08/2026
"MGI DIGITAL GRAPHI";FR0010353888;ALMDG;"Euronext Growth Paris";EUR;10.82;10.98;10.58;10.58;"03/08/2026 17:35";CET;6424;68981.94;10.58;03/08/2026
MICHELIN;FR001400AJ45;ML;"Euronext Paris";EUR;35.21;35.48;34.76;34.76;"03/08/2026 17:35";CET;1650325;57580752.84;34.76;03/08/2026
"MIGUET ET ASSOCIES";FR0010500363;MLNMA;"Euronext Access Paris";EUR;0.232;0.232;0.232;0.232;"31/07/2026 16:30";CET;2255;523.15;0.232;03/08/2026
MILIBOO;FR0013053535;ALMLB;"Euronext Growth Paris";EUR;1.66;1.71;1.63;1.71;"03/08/2026 16:49";CET;5519;9186.63;1.71;03/08/2026
MINT;FR0004172450;ALMIN;"Euronext Growth Paris";EUR;5.18;5.18;5.14;5.18;"03/08/2026 17:35";CET;1386;7148.44;5.18;03/08/2026
"MON COURTIER ENERG";FR001400H3A0;ALMCE;"Euronext Growth Paris";EUR;5.50;5.65;5.50;5.55;"03/08/2026 16:50";CET;838;4675.95;5.55;03/08/2026
"MONCEY (FIN.) NOM.";FR001400SU99;FMONC;"Euronext Paris";EUR;124.00;124.50;123.00;124.00;"03/08/2026 17:35";CET;227;28004.50;124.00;03/08/2026
MONTEA;BE0003853703;MONT;"Euronext Brussels, Paris";EUR;68.00;68.70;67.40;67.80;"03/08/2026 17:35";CET;17987;1220586.80;67.80;03/08/2026
"MONTEPINO LOGISTIC";ES0105549002;MLMTP;"Euronext Access Paris";EUR;9.70;9.70;9.70;9.70;"30/07/2026 11:30";CET;1000;9700.00;9.70;03/08/2026
MOULINVEST;FR0011033083;ALMOU;"Euronext Growth Paris";EUR;21.50;21.50;21.30;21.40;"03/08/2026 16:26";CET;340;7284.50;21.40;03/08/2026
"MR BRICOLAGE";FR0004034320;ALMRB;"Euronext Growth Paris";EUR;4.02;4.13;4.00;4.05;"03/08/2026 17:35";CET;5998;24266.56;4.05;03/08/2026
MUNIC;FR0013462231;ALMUN;"Euronext Growth Paris";EUR;0.46;0.487;0.43;0.487;"03/08/2026 16:24";CET;2785;1202.62;0.487;03/08/2026
"MUTTER VENTURES";ES0105697009;MLMUT;"Euronext Access Paris";EUR;0.975;0.975;0.975;0.975;"29/05/2026 16:30";CET;9288;9055.80;0.975;03/08/2026
MYHOTELMATCH;FR001400IE67;MHM;"Euronext Paris";EUR;0.152;0.152;0.148;0.1485;"03/08/2026 17:29";CET;5831;871.41;0.1485;03/08/2026
NACON;FR0013482791;NACON;"Euronext Paris";EUR;0.152;0.155;0.152;0.1522;"03/08/2026 17:35";CET;29800;4606.09;0.1522;03/08/2026
NAMR;FR0014003J32;ALNMR;"Euronext Growth Paris";EUR;0.225;0.23;0.225;0.23;"16/06/2025 17:20";CET;1183;271.66;0.23;03/08/2026
NANOBIOTIX;FR0011341205;NANO;"Euronext Paris";EUR;34.32;34.36;31.94;33.80;"03/08/2026 17:35";CET;146938;4855696.48;33.80;03/08/2026
NEOLIFE;FR0011636083;ALNLF;"Euronext Growth Paris";EUR;0.062;0.074;0.062;0.073;"03/08/2026 17:35";CET;1284517;87552.68;0.073;03/08/2026
NEOVACS;FR0014018EV4;ALNEV;"Euronext Growth Paris";EUR;0.7899;0.7899;0.75;0.77;"03/08/2026 17:35";CET;8335;6428.23;0.77;03/08/2026
NETGEM;FR0004154060;ALNTG;"Euronext Growth Paris";EUR;0.86;0.898;0.85;0.85;"03/08/2026 17:35";CET;38317;33346.11;0.85;03/08/2026
"NETMEDIA GROUP";FR001400RF99;ALNMG;"Euronext Growth Paris";EUR;0.47;0.47;0.469;0.469;"03/08/2026 14:57";CET;1635;768.05;0.469;03/08/2026
NEURONES;FR0004050250;NRO;"Euronext Paris";EUR;38.30;39.20;38.20;38.70;"03/08/2026 17:35";CET;5953;230694.85;38.70;03/08/2026
NEXANS;FR0000044448;NEX;"Euronext Paris";EUR;132.90;133.30;127.30;129.20;"03/08/2026 17:35";CET;290202;37701770.15;129.20;03/08/2026
NEXITY;FR0010112524;NXI;"Euronext Paris";EUR;7.14;7.24;6.99;7.05;"03/08/2026 17:39";CET;165941;1176567.17;7.05;03/08/2026
NEXTEDIA;FR0004171346;ALNXT;"Euronext Growth Paris";EUR;0.31;0.314;0.305;0.314;"03/08/2026 17:35";CET;54269;16758.02;0.314;03/08/2026
"NFL BIOSCIENCES";FR0014003XT0;ALNFL;"Euronext Growth Paris";EUR;0.87;0.89;0.85;0.879;"03/08/2026 16:18";CET;9295;8065.77;0.879;03/08/2026
NICOX;FR0013018124;ALCOX;"Euronext Growth Paris";EUR;0.387;0.402;0.378;0.402;"03/08/2026 17:35";CET;634379;248771.41;0.402;03/08/2026
"NORTEM BIOGROUP";ES0105719001;MLBIO;"Euronext Access Paris";EUR;5.40;5.40;5.40;5.40;"22/02/2024 11:30";CET;3490;18846.00;5.40;03/08/2026
"North Atlantic En.";FR0000120669;NAE;"Euronext Paris";EUR;67.00;68.60;65.35;67.30;"03/08/2026 17:35";CET;4163;278402.55;67.30;03/08/2026
NOVACYT;FR0010397232;ALNOV;"Euronext Growth Paris";EUR;0.43;0.43;0.415;0.417;"03/08/2026 17:35";CET;73163;30576.95;0.417;03/08/2026
"NOVATECH IND.";FR0000185464;MLNOV;"Euronext Access Paris";EUR;15.00;15.00;15.00;15.00;"22/07/2026 16:30";CET;5;75.00;15.00;03/08/2026
NR21;FR0014001PV6;NR21;"Euronext Paris";EUR;41.40;45.40;41.40;45.40;"23/07/2026 10:49";CET;5;215.00;45.40;03/08/2026
"NRJ GROUP";FR0000121691;NRG;"Euronext Paris";EUR;6.74;6.74;6.66;6.70;"03/08/2026 17:35";CET;4203;28193.66;6.70;03/08/2026
"NSC GROUPE";FR0000064529;ALNSC;"Euronext Growth Paris";EUR;62.50;62.50;62.50;62.50;"23/07/2026 12:08";CET;20;1250.00;62.50;03/08/2026
NSE;FR0004065639;ALNSE;"Euronext Growth Paris";EUR;49.10;52.00;49.00;50.00;"03/08/2026 17:28";CET;665;33316.90;50.00;03/08/2026
OBIZ;FR0014003711;ALBIZ;"Euronext Growth Paris";EUR;2.75;2.79;2.75;2.79;"03/08/2026 16:51";CET;1524;4203.00;2.79;03/08/2026
"OCTOPUS BIOSAFETY";FR0013310281;MLOCT;"Euronext Access Paris";EUR;0.14;0.14;0.14;0.14;"03/08/2026 16:30";CET;5000;700.00;0.14;03/08/2026
"ODIOT S.A.";FR0014010DV3;MLODT;"Euronext Access Paris";EUR;21.80;21.80;21.60;21.60;"03/08/2026 16:30";CET;85;1841.00;21.60;03/08/2026
"ODYSSEE TECHNO";FR001400U4P9;ALODY;"Euronext Growth Paris";EUR;20.20;20.20;19.80;19.80;"03/08/2026 17:35";CET;944;18821.87;19.80;03/08/2026
OENEO;FR0000052680;SBT;"Euronext Paris";EUR;9.14;9.16;9.12;9.12;"03/08/2026 17:35";CET;425;3881.84;9.12;03/08/2026
"OK PROPERTIES";ES0105698007;MLOKP;"Euronext Access Paris";EUR;12.00;12.00;12.00;12.00;"29/03/2023 00:00";CET;-;-;11.90;03/08/2026
"OMER-DECUGIS & CIE";FR0014003T71;ALODC;"Euronext Growth Paris";EUR;8.20;8.20;8.00;8.16;"03/08/2026 15:33";CET;13831;113309.10;8.16;03/08/2026
"ONCODESIGN PM";FR001400CM63;ALOPM;"Euronext Growth Paris";EUR;0.319;0.32;0.312;0.312;"03/08/2026 15:02";CET;269;85.01;0.312;03/08/2026
"ONE EXP BSA 2025 2";FR00140126G1;ONEBS;"Euronext Growth Paris";EUR;0.0045;0.0045;0.0035;0.0045;"03/08/2026 16:52";CET;8221;35.99;0.0045;03/08/2026
"ONE EXPERIENCE";FR0013266772;ALEXP;"Euronext Growth Paris";EUR;0.375;0.375;0.35;0.35;"03/08/2026 17:35";CET;5228;1840.14;0.35;03/08/2026
ONLINEFORMAPRO;FR0004174712;MLONL;"Euronext Access Paris";EUR;1.00;1.00;1.00;1.00;"17/07/2026 11:30";CET;11;11.00;1.00;03/08/2026
"ONWARD MEDICAL";NL0015000HT4;ONWD;"Euronext Brussels, Amsterdam, Paris";EUR;2.355;2.38;2.33;2.335;"03/08/2026 17:35";CET;67031;157924.39;2.335;03/08/2026
OPMOBILITY;FR0000124570;OPM;"Euronext Paris";EUR;12.98;13.15;12.87;12.90;"03/08/2026 17:35";CET;111959;1453108.57;12.90;03/08/2026
ORANGE;FR0000133308;ORA;"Euronext Paris";EUR;16.47;16.74;16.44;16.605;"03/08/2026 17:35";CET;4191606;69614803.39;16.605;03/08/2026
"ORBIS PROPERTIES";ES0105490009;MLORB;"Euronext Access Paris";EUR;13.60;13.60;13.60;13.60;"30/07/2020 00:00";CET;-;-;13.20;03/08/2026
ORDISSIMO;FR0013318052;ALORD;"Euronext Growth Paris";EUR;0.45;0.45;0.44;0.45;"03/08/2026 17:28";CET;2765;1226.48;0.45;03/08/2026
OREGE;FR0010609206;OREGE;"Euronext Paris";EUR;0.289;0.291;0.287;0.287;"03/08/2026 17:35";CET;6675;1916.53;0.287;03/08/2026
ORINOQUIA;ES0105534004;MLORQ;"Euronext Access Paris";EUR;1.65;1.65;1.65;1.65;"29/04/2026 11:30";CET;3250;5362.50;1.61;03/08/2026
"OSE IMMUNO";FR0012127173;OSE;"Euronext Paris";EUR;3.216;3.282;3.156;3.16;"03/08/2026 17:35";CET;105831;337327.90;3.16;03/08/2026
OVH;FR0014005HJ9;OVH;"Euronext Paris";EUR;14.96;15.43;14.70;15.43;"03/08/2026 17:35";CET;98396;1473778.50;15.43;03/08/2026
"PACTE NOVATION";FR0000077992;MLPAC;"Euronext Access Paris";EUR;9.05;9.05;9.05;9.05;"30/07/2026 11:30";CET;4;36.20;9.05;03/08/2026
PAREF;FR0010263202;PAR;"Euronext Paris";EUR;23.60;24.00;23.60;24.00;"03/08/2026 16:57";CET;1102;26211.60;24.00;03/08/2026
PARROT;FR0004038263;PARRO;"Euronext Paris";EUR;10.64;11.20;9.60;9.85;"03/08/2026 17:35";CET;166711;1740586.28;9.85;03/08/2026
"PARX MATERIALS NV";NL0012650535;MLPRX;"Euronext Access Paris";EUR;0.39;0.39;0.39;0.39;"03/08/2026 13:57";CET;1300;507.00;0.39;03/08/2026
PASSAT;FR0000038465;ALPAS;"Euronext Growth Paris";EUR;4.96;4.98;4.96;4.98;"31/07/2026 15:58";CET;668;3321.58;4.98;03/08/2026
"PATRIMOINE ET COMM";FR0011027135;PAT;"Euronext Paris";EUR;26.10;26.90;26.10;26.80;"03/08/2026 17:35";CET;765;20138.50;26.80;03/08/2026
"PAULIC MEUNERIE";FR0013479730;ALPAU;"Euronext Growth Paris";EUR;1.26;1.33;1.22;1.29;"03/08/2026 17:26";CET;7903;10074.34;1.29;03/08/2026
"PERNOD RICARD";FR0000120693;RI;"Euronext Paris";EUR;67.38;69.82;67.38;68.72;"03/08/2026 17:37";CET;680870;46826380.28;68.72;03/08/2026
"PERRIER (GERARD)";FR0000061459;PERR;"Euronext Paris";EUR;80.00;80.60;79.80;79.80;"03/08/2026 17:35";CET;2019;161357.00;79.80;03/08/2026
"PERSEIDA RENTA";ES0105612008;MLPER;"Euronext Access Paris";EUR;0.71;0.71;0.71;0.71;"09/06/2022 16:30";CET;500;355.00;0.71;03/08/2026
"PET SERVICE";NL0015001HZ9;ALPET;"Euronext Growth Paris";EUR;4.24;4.48;4.24;4.48;"03/08/2026 17:08";CET;2016;8935.68;4.48;03/08/2026
"PEUGEOT INVEST";FR0000064784;PEUG;"Euronext Paris";EUR;56.70;57.70;56.60;57.00;"03/08/2026 17:35";CET;4126;235748.40;57.00;03/08/2026
"PHONE WEB";FR0000185480;MLPHW;"Euronext Access Paris";EUR;0.90;0.90;0.90;0.90;"24/07/2026 16:30";CET;6000;5400.00;0.90;03/08/2026
"PHOTONIKE CAPITAL";BE0948608451;MLPHO;"Euronext Access Paris";EUR;0.101;0.101;0.101;0.101;"03/08/2026 11:30";CET;1140;115.15;0.101;03/08/2026
"PIERRE VAC BSA ACT";FR001400B4H9;VACBS;"Euronext Paris";EUR;0.043;0.043;0.043;0.043;"03/08/2026 13:46";CET;3390;145.77;0.043;03/08/2026
"PIERRE VAC BSA CRE";FR001400B4G1;VACBT;"Euronext Paris";EUR;0.117;0.117;0.117;0.117;"17/07/2026 11:29";CET;5480;641.16;0.117;03/08/2026
"PIERRE VACANCES";FR0000073041;VAC;"Euronext Paris";EUR;1.884;1.914;1.88;1.886;"03/08/2026 17:36";CET;412025;781537.77;1.886;03/08/2026
"PISCINES DESJOYAUX";FR0000061608;ALPDX;"Euronext Growth Paris";EUR;11.15;11.15;11.05;11.15;"03/08/2026 17:35";CET;490;5449.35;11.15;03/08/2026
PLACOPLATRE;FR0000030769;MLPLC;"Euronext Access Paris";EUR;610.00;610.00;610.00;610.00;"03/08/2026 11:30";CET;1;610.00;610.00;03/08/2026
PLANISWARE;FR001400PFU4;PLNW;"Euronext Paris";EUR;23.30;24.45;23.30;23.65;"03/08/2026 17:35";CET;109994;2633511.63;23.65;03/08/2026
"PLANT ADVANCED";FR0010785790;ALPAT;"Euronext Growth Paris";EUR;4.88;4.88;4.40;4.68;"03/08/2026 17:35";CET;262;1193.70;4.68;03/08/2026
"PLANT ADVANCED BS";FR0011844067;PATBS;"Euronext Growth Paris";EUR;0.01;0.01;0.01;0.01;"29/08/2024 14:25";CET;5;0.05;0.01;03/08/2026
"PLAST. VAL LOIRE";FR0013252186;ALPVL;"Euronext Growth Paris";EUR;2.35;2.35;2.30;2.33;"03/08/2026 17:35";CET;6399;14836.89;2.33;03/08/2026
PLUXEE;NL0015001W49;PLX;"Euronext Paris";EUR;14.32;14.59;14.24;14.59;"03/08/2026 17:35";CET;114151;1658328.30;14.59;03/08/2026
POUJOULAT;FR0000066441;ALPJT;"Euronext Growth Paris";EUR;5.58;5.82;5.58;5.82;"03/08/2026 16:26";CET;301;1707.44;5.82;03/08/2026
POXEL;FR0012432516;POXEL;"Euronext Paris";EUR;0.2065;0.2075;0.2005;0.2005;"03/08/2026 17:35";CET;147389;29878.25;0.2005;03/08/2026
"PREATONI GROUP";FR001400WXE7;ALPG;"Euronext Growth Paris";EUR;41.00;41.00;39.00;39.00;"30/07/2026 15:19";CET;250;10050.00;39.00;03/08/2026
PRECIA;FR0014004EC4;ALPM;"Euronext Growth Paris";EUR;25.50;26.20;24.90;26.20;"03/08/2026 17:35";CET;4624;118063.30;26.20;03/08/2026
PREDILIFE;FR0010169920;ALPRE;"Euronext Growth Paris";EUR;1.20;1.20;1.20;1.20;"31/07/2026 17:16";CET;1179;1414.80;1.20;03/08/2026
"PRELUDE S.A";FR0014011SJ4;MLPRE;"Euronext Access Paris";EUR;11.00;11.00;11.00;11.00;"30/10/2025 16:30";CET;50;550.00;11.00;03/08/2026
"PRISMAFLEX INTL";FR0004044600;ALPRI;"Euronext Growth Paris";EUR;8.22;8.24;8.14;8.18;"03/08/2026 17:16";CET;80;652.06;8.18;03/08/2026
"PROACTIS SA";FR0004052561;PROAC;"Euronext Paris";EUR;0.035;0.0435;0.0285;0.035;"03/08/2026 17:22";CET;73235;2798.04;0.035;03/08/2026
"PRODWAYS GROUP";FR0012613610;ALPWG;"Euronext Growth Paris";EUR;0.804;0.834;0.796;0.80;"03/08/2026 17:38";CET;73768;60239.85;0.80;03/08/2026
PROLOGUE;FR0010380626;ALPRG;"Euronext Growth Paris";EUR;0.302;0.308;0.289;0.29;"03/08/2026 17:35";CET;223776;65964.60;0.29;03/08/2026
PROP.IMMEUBLES;FR0000061376;MLPRI;"Euronext Access Paris";EUR;20.00;20.00;20.00;20.00;"23/02/2026 16:30";CET;1;20.00;20.00;03/08/2026
"PUBLICIS GROUPE SA";FR0000130577;PUB;"Euronext Paris";EUR;92.76;95.26;92.76;93.86;"03/08/2026 17:35";CET;420808;39526234.23;93.86;03/08/2026
"PULLUP ENTERTAIN";FR0012419307;ALPUL;"Euronext Growth Paris";EUR;8.23;8.64;8.21;8.46;"03/08/2026 17:35";CET;16745;140257.52;8.46;03/08/2026
"PYRATZ CORP.";FR0013371507;MLPTZ;"Euronext Access Paris";EUR;0.06;0.06;0.06;0.06;"03/08/2026 16:30";CET;4909;294.54;0.06;03/08/2026
QUADIENT;FR0000120560;QDT;"Euronext Paris";EUR;13.58;13.76;13.46;13.68;"03/08/2026 17:35";CET;86483;1177601.52;13.68;03/08/2026
"QUANTUM GENOMICS";FR0011648971;ALQGC;"Euronext Growth Paris";EUR;0.0734;0.0749;0.072;0.0721;"24/10/2024 17:35";CET;127302;9227.46;0.072;03/08/2026
QWAMPLIFY;FR0010889386;ALQWA;"Euronext Growth Paris";EUR;1.62;1.62;1.62;1.62;"31/07/2026 16:51";CET;200;324.00;1.62;03/08/2026
"RACING FORCE";IT0005466963;ALRFG;"Euronext Growth Paris";EUR;5.14;5.14;5.14;5.14;"03/08/2026 09:00";CET;1;5.14;5.14;03/08/2026
"RAMSAY GEN SANTE";FR0000044471;GDS;"Euronext Paris";EUR;10.95;10.95;10.95;10.95;"03/08/2026 11:31";CET;29;317.55;10.95;03/08/2026
"RAPID NUTRITION";GB00BVVK7R18;ALRPD;"Euronext Growth Paris";EUR;4.42;4.69;3.985;4.00;"03/08/2026 17:35";CET;33052;135165.96;4.00;03/08/2026
REALITES;FR0011858190;ALREA;"Euronext Growth Paris";EUR;0.64;0.64;0.64;0.64;"31/07/2026 09:39";CET;1500;960.00;0.64;03/08/2026
REBIRTH;IT0005460081;ALREB;"Euronext Growth Paris";EUR;2.30;2.30;2.30;2.30;"08/06/2026 10:06";CET;50;115.00;2.30;03/08/2026
"REMY COINTREAU";FR0000130395;RCO;"Euronext Paris";EUR;47.98;49.16;47.72;47.76;"03/08/2026 17:35";CET;80212;3844875.56;47.76;03/08/2026
RENAULT;FR0000131906;RNO;"Euronext Paris";EUR;27.66;29.02;27.66;28.45;"03/08/2026 17:35";CET;1647419;46926375.79;28.45;03/08/2026
"RES GESTAE SOCIMI";ES0105550000;MLJDL;"Euronext Access Paris";EUR;7.00;7.00;7.00;7.00;"29/06/2021 00:00";CET;-;-;6.65;03/08/2026
REXEL;FR0010451203;RXL;"Euronext Paris";EUR;35.98;36.50;35.60;36.41;"03/08/2026 17:35";CET;590015;21393508.61;36.41;03/08/2026
RIBER;FR0000075954;ALRIB;"Euronext Growth Paris";EUR;9.26;9.39;8.81;9.25;"03/08/2026 17:35";CET;69161;627502.91;9.25;03/08/2026
"RISING STONE";FR00140164Q1;ALRIS;"Euronext Growth Paris";EUR;49.85;50.10;49.85;50.00;"03/08/2026 17:35";CET;852;42529.65;50.00;03/08/2026
ROBERTET;FR0000039091;RBT;"Euronext Paris";EUR;800.00;807.00;795.00;802.00;"03/08/2026 17:35";CET;917;735050.00;802.00;03/08/2026
"ROBERTET CDV 87";FR0000045619;CBR;"Euronext Paris";EUR;91.00;91.00;91.00;91.00;"03/07/2026 16:30";CET;13;1183.00;91.00;03/08/2026
"ROBERTET CI";FR0000045601;CBE;"Euronext Paris";EUR;660.20;665.00;660.20;665.00;"03/08/2026 16:30";CET;7;4631.00;665.00;03/08/2026
"ROCHE BOBOIS";FR0013344173;RBO;"Euronext Paris";EUR;22.00;22.50;21.80;21.90;"03/08/2026 17:25";CET;3480;76733.80;21.90;03/08/2026
ROCTOOL;FR0010523167;ALROC;"Euronext Growth Paris";EUR;1.50;1.58;1.445;1.495;"03/08/2026 17:35";CET;92830;138492.10;1.495;03/08/2026
"ROTH MIONS";FR001400EA65;MLROT;"Euronext Access Paris";EUR;0.86;0.86;0.86;0.86;"03/08/2026 16:30";CET;1110;954.60;0.86;03/08/2026
"ROUGIER S.A.";FR0000037640;ALRGR;"Euronext Growth Paris";EUR;11.40;11.40;11.30;11.30;"03/08/2026 14:42";CET;51;576.40;11.30;03/08/2026
RUBIS;FR0013269123;RUI;"Euronext Paris";EUR;33.42;33.48;33.00;33.42;"03/08/2026 17:35";CET;106000;3532821.19;33.42;03/08/2026
S.E.B.;FR0000121709;SK;"Euronext Paris";EUR;58.25;60.85;58.25;60.85;"03/08/2026 17:35";CET;79524;4799611.64;60.85;03/08/2026
SAFE;FR001400ZU25;ALSAF;"Euronext Growth Paris";EUR;0.65;0.66;0.585;0.64;"30/06/2026 17:18";CET;5290;3192.40;0.64;03/08/2026
SAFRAN;FR0000073272;SAF;"Euronext Paris";EUR;346.00;353.10;345.80;351.30;"03/08/2026 17:36";CET;594605;208609248.50;351.30;03/08/2026
"SAGAX REAL ESTATE";ES0105651006;MLSAG;"Euronext Access Paris";EUR;1.1385;1.1385;1.1385;1.1385;"14/06/2022 00:00";CET;-;-;1.14;03/08/2026
"SAINT GOBAIN";FR0000125007;SGO;"Euronext Paris, Amsterdam, Brussels";EUR;82.06;84.68;81.50;83.52;"03/08/2026 17:38";CET;1244352;104024947.67;83.52;03/08/2026
"SAINT JEAN GROUPE";FR0000060121;SABE;"Euronext Paris";EUR;21.00;21.20;21.00;21.20;"29/07/2026 16:30";CET;69;1449.60;21.20;03/08/2026
"SAJA REAL ESTATE";ES0105910006;MLSJA;"Euronext Access Paris";EUR;-;-;-;-;-;CET;-;-;-;-
SAMSE;FR0000060071;SAMS;"Euronext Paris";EUR;118.00;118.00;117.00;117.50;"03/08/2026 17:35";CET;53;6222.50;117.50;03/08/2026
SANOFI;FR0000120578;SAN;"Euronext Paris";EUR;74.89;75.89;74.06;74.50;"03/08/2026 17:37";CET;2150645;160957421.61;74.50;03/08/2026
SAPMER;FR0010776617;ALMER;"Euronext Growth Paris";EUR;4.30;4.30;4.30;4.30;"03/08/2026 12:14";CET;169;726.70;4.30;03/08/2026
"SARTORIUS STED BIO";FR0013154002;DIM;"Euronext Paris";EUR;167.30;174.60;166.00;171.90;"03/08/2026 17:35";CET;65593;11244496.85;171.90;03/08/2026
SAVENCIA;FR0000120107;SAVE;"Euronext Paris";EUR;63.20;63.40;62.60;62.60;"03/08/2026 17:35";CET;467;29356.00;62.60;03/08/2026
"SAVONNERIE NYONS";FR0013155975;MLSDN;"Euronext Access Paris";EUR;30.60;30.60;30.60;30.60;"03/08/2026 16:30";CET;238;7282.80;30.60;03/08/2026
SCBSM;FR0006239109;CBSM;"Euronext Paris";EUR;9.70;9.70;9.70;9.70;"03/08/2026 16:51";CET;65;630.50;9.70;03/08/2026
SCEMI;FR0010972091;MLCMI;"Euronext Access Paris";EUR;3.76;3.76;3.76;3.76;"30/07/2026 11:30";CET;19;71.44;3.76;03/08/2026
"SCHNEIDER ELECTRIC";FR0000121972;SU;"Euronext Paris";EUR;291.30;294.70;283.90;290.10;"03/08/2026 17:35";CET;788360;228334464.38;290.10;03/08/2026
"SCIENTIA SCHOOL";ES0105592002;MLSCI;"Euronext Access Paris";EUR;4.06;4.06;4.06;4.06;"19/08/2025 11:30";CET;10;40.60;4.06;03/08/2026
"SCOR SE";FR0010411983;SCR;"Euronext Paris";EUR;34.18;34.20;33.84;34.14;"03/08/2026 17:35";CET;357843;12199484.18;34.14;03/08/2026
"SECHE ENVIRONNEM.";FR0000039109;SCHP;"Euronext Paris";EUR;81.60;81.90;80.80;80.80;"03/08/2026 17:35";CET;1384;112549.00;80.80;03/08/2026
"SEGRO PLC";GB00B5ZN1N88;SGRO;"Euronext Paris";EUR;10.10;10.10;10.10;10.10;"01/06/2026 11:44";CET;100;1010.00;10.10;03/08/2026
"SEIF SPA";IT0005353484;ALSEI;"Euronext Growth Paris";EUR;0.25;0.25;0.25;0.25;"21/12/2023 09:29";CET;539;134.75;0.25;03/08/2026
SELCODIS;FR0000065492;SLCO;"Euronext Paris";EUR;0.29;0.29;0.29;0.29;"25/03/2009 00:00";CET;2074;601.46;0.29;03/08/2026
SELECTIRENTE;FR0004175842;SELER;"Euronext Paris";EUR;84.50;84.50;84.50;84.50;"03/08/2026 11:30";CET;1;84.50;84.50;03/08/2026
"SEMCO TECHNOLOGIES";FR0014010H01;ALSEM;"Euronext Growth Paris";EUR;40.00;41.50;39.85;41.15;"03/08/2026 17:35";CET;18821;769499.95;41.15;03/08/2026
SENSORION;FR0012596468;ALSEN;"Euronext Growth Paris";EUR;0.276;0.2815;0.271;0.278;"03/08/2026 17:35";CET;922399;254377.97;0.278;03/08/2026
"SEQUA PETROLEUM NV";NL0010623518;MLSEQ;"Euronext Access Paris";EUR;0.0045;0.0045;0.0045;0.0045;"10/02/2026 16:30";CET;46000;207.00;0.0045;03/08/2026
"SERGEFERRARI GROUP";FR0011950682;ALFER;"Euronext Growth Paris";EUR;7.26;7.30;7.14;7.28;"03/08/2026 17:27";CET;2872;20840.30;7.28;03/08/2026
SES;LU0088087324;SESG;"Euronext Paris";EUR;5.775;5.78;5.415;5.515;"03/08/2026 17:35";CET;2183193;12103713.07;5.515;03/08/2026
SHOWROOMPRIVE;FR0013006558;SRP;"Euronext Paris";EUR;0.796;0.796;0.788;0.792;"03/08/2026 17:35";CET;571;453.87;0.792;03/08/2026
SIDETRADE;FR0010202606;ALBFR;"Euronext Growth Paris";EUR;201.00;204.50;190.60;201.00;"03/08/2026 17:35";CET;2289;455845.60;201.00;03/08/2026
"SIGNAUX GIROD";FR0000060790;ALGIR;"Euronext Growth Paris";EUR;16.00;16.80;16.00;16.00;"03/08/2026 17:29";CET;98;1581.50;16.00;03/08/2026
"SIPARIO MOVIES";IT0005380602;ALIE;"Euronext Growth Paris";EUR;0.465;0.465;0.465;0.465;"30/08/2024 11:30";CET;600;279.00;0.466;03/08/2026
"SIRIUS MEDIA";FR0014017FP5;ALSRS;"Euronext Growth Paris";EUR;0.665;0.70;0.66;0.69;"03/08/2026 17:35";CET;7830;5196.66;0.69;03/08/2026
SMAIO;FR0014005I80;ALSMA;"Euronext Growth Paris";EUR;7.50;7.68;7.02;7.50;"03/08/2026 17:29";CET;640;4684.60;7.50;03/08/2026
SMALTO;FR0011131788;MLSML;"Euronext Access Paris";EUR;0.0265;0.0265;0.0265;0.0265;"03/08/2026 16:30";CET;4000;106.00;0.0265;03/08/2026
"SMALTO BSA";FR0010649228;SMLBS;"Euronext Access Paris";EUR;0.0005;0.0005;0.0005;0.0005;"12/03/2026 14:38";CET;2;-;0.0005;03/08/2026
SMCP;FR0013214145;SMCP;"Euronext Paris";EUR;6.78;7.075;6.78;6.92;"03/08/2026 17:35";CET;296820;2070517.72;6.92;03/08/2026
SMTPC;FR0004016699;ALTPC;"Euronext Growth Paris";EUR;27.00;27.00;26.80;27.00;"03/08/2026 17:35";CET;1248;33550.60;27.00;03/08/2026
"SOC FRANC CASINOS";FR0010209809;SFCA;"Euronext Paris";EUR;2.20;2.20;2.20;2.20;"30/07/2026 16:30";CET;90;198.00;2.20;03/08/2026
"SOCIETE GENERALE";FR0000130809;GLE;"Euronext Paris";EUR;82.37;83.52;82.37;83.09;"03/08/2026 17:35";CET;1549198;128626201.47;83.09;03/08/2026
SODEXO;FR0000121220;SW;"Euronext Paris";EUR;57.00;57.65;57.00;57.15;"03/08/2026 17:35";CET;178266;10196435.14;57.15;03/08/2026
SODITECH;FR0000078321;ALSEC;"Euronext Growth Paris";EUR;6.76;7.02;6.74;6.80;"03/08/2026 17:29";CET;1904;12933.56;6.80;03/08/2026
SOGECLAIR;FR0000065864;ALSOG;"Euronext Growth Paris";EUR;32.90;35.20;32.90;33.80;"03/08/2026 13:06";CET;405;13692.30;33.80;03/08/2026
SOITEC;FR0013227113;SOI;"Euronext Paris";EUR;107.55;111.30;101.15;109.30;"03/08/2026 17:35";CET;232678;24984469.21;109.30;03/08/2026
"SOLOCAL GROUP";FR001400SA10;LOCAL;"Euronext Paris";EUR;4.21;4.25;4.14;4.15;"03/08/2026 17:35";CET;34749;145859.73;4.15;03/08/2026
"SOLUTIONS 30 SE";FR0013379484;S30;"Euronext Paris";EUR;0.563;0.587;0.561;0.567;"03/08/2026 17:35";CET;837199;479505.14;0.567;03/08/2026
SOLVAY;BE0003470755;SOLB;"Euronext Brussels, Paris";EUR;26.60;26.94;26.56;26.58;"03/08/2026 17:35";CET;347394;9247495.74;26.58;03/08/2026
"SOPRA STERIA GROUP";FR0000050809;SOP;"Euronext Paris";EUR;183.60;196.40;183.60;192.70;"03/08/2026 17:35";CET;58120;11154058.25;192.70;03/08/2026
SPARTOO;FR00140043Y1;ALSPT;"Euronext Growth Paris";EUR;0.232;0.232;0.224;0.224;"03/08/2026 10:52";CET;214;48.34;0.224;03/08/2026
"SPEED RABBIT PIZZA";FR0000054371;MLSRP;"Euronext Access Paris";EUR;18.40;18.40;18.40;18.40;"13/07/2026 16:30";CET;7;128.80;18.40;03/08/2026
SPIE;FR0012757854;SPIE;"Euronext Paris";EUR;46.74;47.06;45.72;46.98;"03/08/2026 17:38";CET;576680;26959673.36;46.98;03/08/2026
SPINEGUARD;FR0011464452;ALSGD;"Euronext Growth Paris";EUR;0.0832;0.102;0.0823;0.0904;"03/08/2026 17:35";CET;1083712;100051.12;0.0904;03/08/2026
SPINEWAY;FR001400N2P2;ALSPW;"Euronext Growth Paris";EUR;0.1392;0.1392;0.129;0.132;"03/08/2026 17:35";CET;244745;32151.65;0.132;03/08/2026
"ST DUPONT";FR0000054199;DPT;"Euronext Paris";EUR;0.0778;0.0854;0.0778;0.0848;"03/08/2026 17:29";CET;11566;931.88;0.0848;03/08/2026
STEF;FR0000064271;STF;"Euronext Paris";EUR;134.80;136.80;132.80;135.00;"03/08/2026 17:35";CET;1346;181538.20;135.00;03/08/2026
"STELLANTIS NV";NL00150001Q9;STLAP;"Euronext Paris";EUR;5.01;5.155;4.9235;4.9405;"03/08/2026 17:38";CET;8896540;44857491.94;4.9405;03/08/2026
STIF;FR001400MDW2;ALSTI;"Euronext Growth Paris";EUR;52.00;52.00;50.75;51.50;"03/08/2026 17:35";CET;5815;299072.33;51.50;03/08/2026
STMICROELECTRONICS;NL0000226223;STMPA;"Euronext Paris";EUR;46.20;46.30;44.025;45.27;"03/08/2026 17:35";CET;3175327;143260453.06;45.27;03/08/2026
"STRADIM ESPAC.FIN";FR0000074775;ALSAS;"Euronext Growth Paris";EUR;5.20;5.20;4.26;4.26;"03/08/2026 16:30";CET;151;738.20;4.26;03/08/2026
STREAMWIDE;FR0010528059;ALSTW;"Euronext Growth Paris";EUR;78.60;78.60;77.40;77.80;"03/08/2026 16:05";CET;249;19414.20;77.80;03/08/2026
"STREAMWIDE BSAANE";FR001400Z5J4;STEBS;"Euronext Growth Paris";EUR;-;-;-;-;-;CET;-;-;-;-
"STREIT MECANIQUE";FR0000063976;MLSTR;"Euronext Access Paris";EUR;10.20;10.20;10.20;10.20;"03/06/2026 16:30";CET;19;193.80;10.20;03/08/2026
"STUDENT PROPERTY";ES0105851002;MLSPI;"Euronext Access Paris";EUR;3622.00;3622.00;3622.00;3622.00;"21/01/2025 00:00";CET;-;-;3620.00;03/08/2026
"SWORD GROUP";FR0004180578;SWP;"Euronext Paris";EUR;30.80;31.80;30.50;31.70;"03/08/2026 17:35";CET;20980;657997.50;31.70;03/08/2026
SYNERGIE;FR0000032658;SDG;"Euronext Paris";EUR;29.70;29.80;29.50;29.80;"03/08/2026 17:35";CET;382;11345.10;29.80;03/08/2026
TBSO;FR0000063307;TBSO;"Euronext Paris";EUR;2.40;2.40;2.28;2.30;"03/08/2026 16:41";CET;1280;2995.14;2.30;03/08/2026
"TD BSA 2025-2";FR0014012OE2;TDBS2;"Euronext Growth Paris";EUR;0.01;0.01;0.01;0.01;"02/07/2026 17:35";CET;72721;727.21;0.01;03/08/2026
"TD BSA 2025-3";FR0014012ZX8;TDBS3;"Euronext Growth Paris";EUR;0.0005;0.0005;0.0005;0.0005;"03/08/2026 14:16";CET;29604;14.80;0.0005;03/08/2026
"TECHNIP ENERGIES";NL0014559478;TE;"Euronext Paris";EUR;29.78;30.14;29.30;29.70;"03/08/2026 17:35";CET;521184;15470384.37;29.70;03/08/2026
TELEPERFORMANCE;FR0000051807;TEP;"Euronext Paris";EUR;66.40;68.84;63.76;64.96;"03/08/2026 17:35";CET;506836;33311836.46;64.96;03/08/2026
TELEVERBIER;CH0008175645;TVRB;"Euronext Paris";EUR;75.00;75.00;75.00;75.00;"31/07/2026 16:30";CET;100;7500.00;75.00;03/08/2026
TELEVISTA;FR0011076595;MLVST;"Euronext Access Paris";EUR;2.26;2.26;2.26;2.26;"07/05/2025 11:30";CET;1;2.26;1.58;03/08/2026
TF1;FR0000054900;TFI;"Euronext Paris";EUR;7.105;7.225;7.025;7.135;"03/08/2026 17:35";CET;364885;2605025.96;7.135;03/08/2026
"TFF GROUP";FR0013295789;TFF;"Euronext Paris";EUR;15.00;15.40;15.00;15.30;"03/08/2026 17:35";CET;261;3948.02;15.30;03/08/2026
THALES;FR0000121329;HO;"Euronext Paris";EUR;248.50;255.50;248.30;253.80;"03/08/2026 17:35";CET;200490;50686664.55;253.80;03/08/2026
"THE AZUR SELECTION";GRS528003007;MLAZR;"Euronext Access Paris";EUR;0.37;0.37;0.351;0.351;"03/08/2026 16:30";CET;6943;2441.43;0.351;03/08/2026
THERACLION;FR0010120402;ALTHE;"Euronext Growth Paris";EUR;0.58;0.598;0.58;0.587;"03/08/2026 17:35";CET;19164;11300.82;0.587;03/08/2026
"THERACLION BSA";FR00140180O2;THEBS;"Euronext Growth Paris";EUR;0.071;0.071;0.071;0.071;"31/07/2026 12:07";CET;513;36.43;0.071;03/08/2026
"THERMADOR GROUPE";FR0013333432;THEP;"Euronext Paris";EUR;76.50;77.10;76.20;76.20;"03/08/2026 17:35";CET;2606;199576.40;76.20;03/08/2026
"THX PHARMA";FR0013286259;ALTHX;"Euronext Growth Paris";EUR;4.31;4.47;4.13;4.27;"03/08/2026 17:35";CET;154595;661767.12;4.27;03/08/2026
"TIKEHAU CAPITAL";FR0013230612;TKO;"Euronext Paris";EUR;16.02;16.72;16.02;16.58;"03/08/2026 17:35";CET;56266;932672.91;16.58;03/08/2026
"TITAN S.A.";BE0974338700;TITC;"Euronext Brussels, Paris";EUR;52.20;53.20;52.20;52.90;"03/08/2026 17:35";CET;6966;367449.90;52.90;03/08/2026
"TME PHARMA";NL0015000YE1;ALTME;"Euronext Growth Paris";EUR;0.0628;0.063;0.0611;0.062;"03/08/2026 17:35";CET;80437;5017.92;0.062;03/08/2026
"TONNER DRONES";FR001400H2X4;ALTD;"Euronext Growth Paris";EUR;0.0272;0.0279;0.0266;0.0279;"03/08/2026 17:35";CET;1491380;40321.25;0.0279;03/08/2026
"TONNER DRONES BSA";FR001400RIB4;TDBS;"Euronext Growth Paris";EUR;0.0096;0.0096;0.0096;0.0096;"03/08/2026 13:57";CET;23500;225.60;0.0096;03/08/2026
TOOSLA;FR00140062B9;ALTOO;"Euronext Growth Paris";EUR;0.0016;0.0018;0.0016;0.0018;"03/08/2026 17:29";CET;6405683;10342.20;0.0018;03/08/2026
TOTALENERGIES;FR0000120271;TTE;"Euronext Paris, Brussels";EUR;74.78;76.47;74.34;76.43;"03/08/2026 17:36";CET;3525963;267958823.81;76.43;03/08/2026
TotalEnergiesGabon;GA0000121459;EC;"Euronext Paris";EUR;216.50;216.50;211.00;215.00;"03/08/2026 17:35";CET;940;200720.00;215.00;03/08/2026
TOUAX;FR0000033003;ALTOU;"Euronext Growth Paris";EUR;4.05;4.06;3.98;3.99;"03/08/2026 17:35";CET;6239;25185.35;3.99;03/08/2026
TRACTIAL;FR0014014ZV8;ALTRA;"Euronext Growth Paris";EUR;2.00;2.00;1.912;1.978;"03/08/2026 16:50";CET;1362;2663.90;1.978;03/08/2026
TRANSGENE;FR0005175080;TNG;"Euronext Paris";EUR;0.712;0.714;0.712;0.713;"03/08/2026 17:35";CET;15389;10964.85;0.713;03/08/2026
TRIGANO;FR0005691656;TRI;"Euronext Paris";EUR;151.90;155.30;151.90;153.50;"03/08/2026 17:35";CET;6984;1073412.40;153.50;03/08/2026
TRILOGIQ;FR0010397901;ALTRI;"Euronext Growth Paris";EUR;5.20;5.20;5.20;5.20;"03/08/2026 11:39";CET;550;2860.00;5.20;03/08/2026
"TROC ILE";FR0000031106;MLTRO;"Euronext Access Paris";EUR;2.48;2.48;2.48;2.48;"27/10/2025 16:30";CET;28;69.44;2.48;03/08/2026
TXCOM;FR0010654087;ALTXC;"Euronext Growth Paris";EUR;9.05;9.05;9.05;9.05;"31/07/2026 11:41";CET;152;1375.60;9.05;03/08/2026
"U10 CORP";FR0000079147;ALU10;"Euronext Growth Paris";EUR;1.21;1.21;1.21;1.21;"03/08/2026 11:06";CET;3512;4249.52;1.21;03/08/2026
"UBISOFT ENTERTAIN";FR0000054470;UBI;"Euronext Paris";EUR;5.738;5.778;5.546;5.596;"03/08/2026 17:35";CET;724787;4085533.00;5.596;03/08/2026
"UCAPITAL GLOBAL";GB00BJ9M4V82;MLALE;"Euronext Access Paris";EUR;0.001;0.001;0.001;0.001;"02/10/2024 11:30";CET;64687;64.69;0.001;03/08/2026
"UMALIS GROUP";FR0011776889;MLUMG;"Euronext Access Paris";EUR;3.06;3.06;3.06;3.06;"31/07/2026 16:30";CET;100;306.00;3.06;03/08/2026
UNIBAIL-RODAMCO-WE;FR0013326246;URW;"Euronext Paris";EUR;105.55;106.20;104.60;105.15;"03/08/2026 17:35";CET;235990;24824693.20;105.15;03/08/2026
"UNIFY GROUP";FR0010820274;ALUNI;"Euronext Growth Paris";EUR;1.862;1.892;1.842;1.886;"03/08/2026 17:35";CET;27833;51836.58;1.886;03/08/2026
"UNION TECH.INFOR.";FR0000074197;FPG;"Euronext Paris";EUR;0.12;0.12;0.12;0.12;"31/07/2026 09:40";CET;1000;120.00;0.12;03/08/2026
UNITI;FR0012709160;ALUNT;"Euronext Growth Paris";EUR;1.38;1.38;1.35;1.35;"03/08/2026 15:42";CET;29;39.18;1.35;03/08/2026
UPERGY;FR0010337865;ALUPG;"Euronext Growth Paris";EUR;1.605;1.75;1.605;1.74;"29/07/2026 15:52";CET;1085;1812.42;1.74;03/08/2026
URCOLESA;ES0105748000;MLURC;"Euronext Access Paris";EUR;3.38;3.38;3.38;3.38;"22/02/2024 00:00";CET;-;-;3.34;03/08/2026
"UV GERMI";FR0011898584;ALUVI;"Euronext Growth Paris";EUR;2.48;2.72;2.48;2.70;"03/08/2026 17:35";CET;2728;7268.91;2.70;03/08/2026
VALBIOTIS;FR0013254851;ALVAL;"Euronext Growth Paris";EUR;0.77;0.78;0.755;0.755;"03/08/2026 17:35";CET;94519;72249.90;0.755;03/08/2026
VALEO;FR0013176526;FR;"Euronext Paris";EUR;14.82;15.395;14.82;14.975;"03/08/2026 17:35";CET;891574;13394145.87;14.975;03/08/2026
"VALERIO TX";FR0010095596;ALVIO;"Euronext Growth Paris";EUR;0.74;0.782;0.74;0.744;"03/08/2026 17:35";CET;926511;703779.07;0.744;03/08/2026
VALLOUREC;FR0013506730;VK;"Euronext Paris";EUR;19.085;19.32;18.525;18.725;"03/08/2026 17:35";CET;1330139;25075235.99;18.725;03/08/2026
VALNEVA;FR0004056851;VLA;"Euronext Paris";EUR;2.186;2.238;2.15;2.185;"03/08/2026 17:35";CET;370282;811210.01;2.185;03/08/2026
"VANDOR REAL ESTATE";ES0105623005;MLVRE;"Euronext Access Paris";EUR;6.00;6.00;6.00;6.00;"16/12/2021 00:00";CET;-;-;6.00;03/08/2026
VANTIVA;FR0013505062;VANTI;"Euronext Paris";EUR;0.097;0.1022;0.096;0.0987;"03/08/2026 17:29";CET;25614;2492.26;0.0987;03/08/2026
VAZIVA;FR0014007T10;ALVAZ;"Euronext Growth Paris";EUR;30.00;30.00;30.00;30.00;"31/07/2026 16:54";CET;183;5490.00;30.00;03/08/2026
"VAZIVA BSA";FR0014014OK5;VAZBS;"Euronext Growth Paris";EUR;0.12;0.12;0.12;0.12;"13/07/2026 09:52";CET;110;13.20;0.12;03/08/2026
"VENTE UNIQUE.COM";FR0010766667;ALVU;"Euronext Growth Paris";EUR;17.65;17.90;17.30;17.90;"03/08/2026 17:35";CET;3037;53429.20;17.90;03/08/2026
"VEOLIA ENVIRON.";FR0000124141;VIE;"Euronext Paris";EUR;34.56;34.83;34.16;34.30;"03/08/2026 17:39";CET;2342756;80446109.33;34.30;03/08/2026
VERALLIA;FR0013447729;VRLA;"Euronext Paris";EUR;18.30;18.52;18.23;18.23;"03/08/2026 17:35";CET;27676;507068.65;18.23;03/08/2026
VERGNET;FR0014010YR7;ALVER;"Euronext Growth Paris";EUR;0.17;0.182;0.12;0.12;"23/01/2026 17:35";CET;111142;17458.83;0.12;03/08/2026
VERIMATRIX;FR0010291245;VMX;"Euronext Paris";EUR;0.244;0.25;0.242;0.25;"03/08/2026 17:35";CET;125569;30835.24;0.25;03/08/2026
VETOQUINOL;FR0004186856;VETO;"Euronext Paris";EUR;73.10;73.30;71.70;71.70;"03/08/2026 17:35";CET;4155;300352.40;71.70;03/08/2026
VIALIFE;FR0010326090;ALVIA;"Euronext Growth Paris";EUR;10.00;10.00;10.00;10.00;"30/07/2026 16:30";CET;5;50.00;10.00;03/08/2026
VICAT;FR0000031775;VCT;"Euronext Paris";EUR;66.40;68.10;66.30;67.60;"03/08/2026 17:35";CET;36770;2470669.35;67.60;03/08/2026
VICSO;ES0105962007;MLVIC;"Euronext Access Paris";EUR;-;-;-;1.00;"10/11/2025 00:00";CET;-;-;1.00;03/08/2026
"VIEL ET COMPAGNIE";FR0000050049;VIL;"Euronext Paris";EUR;18.94;19.36;18.60;18.68;"03/08/2026 17:35";CET;16131;305542.36;18.68;03/08/2026
VINCI;FR0000125486;DG;"Euronext Paris";EUR;124.40;126.25;124.25;125.10;"03/08/2026 17:38";CET;894964;111968117.95;125.10;03/08/2026
VINPAI;FR001400AXT1;ALVIN;"Euronext Growth Paris";EUR;2.88;2.88;2.88;2.88;"03/08/2026 15:10";CET;125;360.00;2.88;03/08/2026
VIRBAC;FR0000031577;VIRP;"Euronext Paris";EUR;339.50;344.00;336.00;337.50;"03/08/2026 17:35";CET;3902;1323620.00;337.50;03/08/2026
VIRIDIEN;FR001400PVN6;VIRI;"Euronext Paris";EUR;90.10;91.85;87.50;88.90;"03/08/2026 17:35";CET;66384;5928468.27;88.90;03/08/2026
VIRTUALWARE;ES0105704003;ALVIR;"Euronext Growth Paris";EUR;4.78;4.78;4.78;4.78;"03/08/2026 11:30";CET;1;4.78;4.78;03/08/2026
VITURA;FR0010309096;VTR;"Euronext Paris";EUR;4.26;4.62;4.26;4.62;"03/08/2026 17:35";CET;217;968.72;4.62;03/08/2026
"VIVENDI SE";FR0000127771;VIV;"Euronext Paris";EUR;1.631;1.675;1.602;1.623;"03/08/2026 17:39";CET;5033658;8227213.53;1.623;03/08/2026
VOGO;FR0011532225;ALVGO;"Euronext Growth Paris";EUR;2.24;2.24;2.24;2.24;"28/07/2026 13:39";CET;18;40.32;2.24;03/08/2026
VOLTALIA;FR0011995588;VLTSA;"Euronext Paris";EUR;6.98;7.02;6.88;6.95;"03/08/2026 17:35";CET;71727;497423.64;6.95;03/08/2026
"VOYAGEURS DU MONDE";FR0004045847;ALVDM;"Euronext Growth Paris";EUR;178.00;178.50;178.00;178.50;"03/08/2026 17:35";CET;991;176662.50;178.50;03/08/2026
"VREF SEVILLE";ES0105492005;MLVRF;"Euronext Access Paris";EUR;3.75;3.75;3.75;3.75;"30/07/2020 00:00";CET;-;-;3.76;03/08/2026
Vusion;FR0010282822;VU;"Euronext Paris";EUR;129.70;130.00;124.50;128.00;"03/08/2026 17:35";CET;51068;6519630.10;128.00;03/08/2026
"WAGA ENERGY";FR0012532810;WAGA;"Euronext Paris";EUR;23.10;23.30;23.10;23.30;"03/08/2026 16:15";CET;259;6013.20;23.30;03/08/2026
WALLIX;FR0010131409;ALLIX;"Euronext Growth Paris";EUR;22.90;22.90;22.45;22.45;"03/08/2026 17:35";CET;2314;52349.05;22.45;03/08/2026
WATERA;FR001400IUV6;ALWTR;"Euronext Growth Paris";EUR;1.125;1.15;1.065;1.095;"03/08/2026 17:35";CET;5914;6595.92;1.095;03/08/2026
WAVESTONE;FR0013357621;WAVE;"Euronext Paris";EUR;33.20;34.25;32.95;33.15;"03/08/2026 17:35";CET;87260;2926611.55;33.15;03/08/2026
WE.CONNECT;FR0013079092;ALWEC;"Euronext Growth Paris";EUR;25.50;25.50;25.40;25.40;"03/08/2026 16:08";CET;197;5003.90;25.40;03/08/2026
"WEACCESS GROUP";FR0010688465;MLWEA;"Euronext Access Paris";EUR;2.66;2.66;2.66;2.66;"30/07/2026 11:30";CET;4;10.64;2.66;03/08/2026
WELLNESS;ES0105740007;MLWRS;"Euronext Access Paris";EUR;2.20;2.20;2.20;2.20;"19/09/2025 16:30";CET;1;2.20;2.20;03/08/2026
WENDEL;FR0000121204;MF;"Euronext Paris";EUR;84.30;87.15;84.30;86.20;"03/08/2026 17:36";CET;23338;2011343.03;86.20;03/08/2026
WEYA;FR0010768770;MLWEY;"Euronext Access Paris";EUR;0.0235;0.0235;0.0235;0.0235;"28/07/2026 11:30";CET;900;21.15;0.0235;03/08/2026
"WINAMP GROUP";BE0974334667;ALWIN;"Euronext Growth Paris, Brussels";EUR;0.4185;0.4185;0.388;0.405;"03/08/2026 17:35";CET;32179;12759.99;0.405;03/08/2026
WINFARM;FR0014000P11;ALWF;"Euronext Growth Paris";EUR;3.95;4.09;3.95;4.07;"03/08/2026 17:11";CET;1774;7107.81;4.07;03/08/2026
WITBE;FR0013143872;ALWIT;"Euronext Growth Paris";EUR;3.12;3.14;3.11;3.11;"03/08/2026 14:34";CET;784;2452.34;3.11;03/08/2026
WORLDLINE;FR00140182K6;WLN;"Euronext Paris";EUR;12.396;13.94;12.396;13.462;"03/08/2026 17:35";CET;1130792;15161924.90;13.462;03/08/2026
X-FAB;BE0974310428;XFAB;"Euronext Paris";EUR;6.595;6.605;6.065;6.405;"03/08/2026 17:39";CET;756596;4738992.72;6.405;03/08/2026
"XILAM ANIMATION";FR0004034072;ALXIL;"Euronext Growth Paris";EUR;6.10;6.14;5.64;5.74;"03/08/2026 17:29";CET;13879;81889.22;5.74;03/08/2026
"YOUNITED FIN. WARR";LU2999660207;YOUNW;"Euronext Paris";EUR;-;-;-;-;-;CET;-;-;-;-
"YOUNITED FINANCIAL";LU2999653251;YOUNI;"Euronext Paris";EUR;7.00;7.50;7.00;7.50;"03/08/2026 13:48";CET;1305;9297.00;7.50;03/08/2026
ZCCM;ZM0000000037;MLZAM;"Euronext Access Paris";EUR;3.64;3.64;3.64;3.64;"03/08/2026 16:30";CET;3144;11444.16;3.64;03/08/2026
"ZCI LIMITED";BMG9887P1068;CV;"Euronext Paris";EUR;0.17;0.20;0.17;0.20;"04/08/2015 16:20";CET;21826;3755.94;0.20;03/08/2026
